phrase/word,meaning,english sentence,chinese sentence,
-coded,(後綴) 帶有...特質的；很...風格的,That outfit is so summer**-coded**.,那套服裝充滿了夏天的氣息。,
-core,(後綴) ...風格；...系,Cottagecore fashion is very popular right now.,田園風格的時尚現在非常流行。,
-ish,(後綴) 大約；...左右；有點...,I'll be there at 7**-ish**.,我大約7點左右到。,
(It's The) Story Of My Life,我人生的寫照 (通常指倒霉事),Missed the bus again? It's the story of my life.,又錯過公車了？這真是我人生的寫照。,
A Blow,打擊；挫折,Losing the contract was a huge blow to the company.,失去合約對公司來說是一個巨大的打擊。,
A Bright Spark,聰明人 (有時諷刺自作聰明者),Some bright spark left the window open in the rain.,哪個「聰明人」下雨天把窗戶開著。,
A Busman's Holiday,照常工作的假期 (做與工作類似的事),A chef cooking at home on his day off is taking a busman's holiday.,廚師在休假日時在家做飯，就像是在過照常工作的假期。,
A Different Kettle Of Fish,完全是另一回事,"I can drive a car, but driving a truck is a different kettle of fish.",我會開車，但開卡車完全是另一回事。,
A Doddle,輕而易舉的事；小菜一碟,Fixing this computer was a doddle.,修理這台電腦簡直是小菜一碟。,
A Flying Start,好的開始；開門紅,The team got off to a flying start this season.,這支球隊本賽季取得了一個好的開始。,
A Fresh Start,嶄新的開始,Moving to a new city gave him a fresh start.,搬到新城市給了他一個嶄新的開始。,
A Game,最佳狀態；拿手絕活,You need to bring your A game to the interview.,你需要以最佳狀態去參加面試。,
A Knees-up,熱鬧的派對/聚會,We're having a bit of a knees-up for his birthday.,我們要為他的生日辦個熱鬧的派對。,
A Legend In One's Lifetime,在世傳奇；當代傳奇人物,The singer became a legend in her own lifetime.,這位歌手在她有生之年就已成為傳奇。,
A Little Something,一點小心意,I bought you a little something to say thank you.,我買了一點小心意來表達感謝。,
A Memory Like A Sieve,記性很差；健忘,I have a memory like a sieve; I forgot her name again.,我記性很差，又忘記她的名字了。,
A Million To One,萬中選一；機率極低,The chances of winning the lottery are a million to one.,中樂透的機率是微乎其微。,
A Necessary Evil,必要之惡；無奈但必須的事,Paying taxes is a necessary evil.,繳稅是必要之惡。,
A Shock To The System,巨大的衝擊；讓人難以適應的改變,Returning to work after a long holiday was a shock to the system.,長假後重返工作崗位真是一大衝擊。,
A Slippery Slope,滑坡效應；災難性的崩壞開端,Skipping classes is a slippery slope to failing the course.,翹課是導致課程不及格的惡性循環開端。,
A Sting In The Tail,意想不到的結局 (通常是不好的),The story had a happy beginning but a sting in the tail.,這個故事開頭很美好，結尾卻令人意外地悲傷。,
A Taste Of Your Own Medicine,以其人之道還治其人之身,"He's always late, so we left without him to give him a taste of his own medicine.",他總是遲到，所以我們先走，讓他嚐嚐被人等的滋味。,
A Thing,流行；一回事 (Is that a thing?),Is wearing socks with sandals really a thing now?,穿襪子配涼鞋現在真的很流行嗎？,
A Wake-up Call,警鐘；當頭棒喝,The health scare was a wake-up call for him to exercise more.,那次健康驚魂記給了他一個警鐘，提醒他要多運動。,
A Walk In The Park,輕而易舉的事,The exam was a walk in the park.,這次考試簡直輕而易舉。,
A You Problem,你自己的問題 (與我無關),"If you didn't study, that's a you problem.",如果你沒讀書，那是你自己的問題。,
About,到處；在附近 (To be about),Is the boss about? I need to speak to him.,老闆在附近嗎？我需要跟他說話。,
Across,充分了解；掌握 (To be across something),Are you across the details of the new project?,你有掌握新專案的細節嗎？,
Adulting,(俚語) 像大人一樣行事 (處理責任),I paid all my bills today. I'm finally adulting.,我今天繳清了所有帳單。我終於像個大人了。,
Aesthetic,美學風格；氛圍,Her Instagram feed has a really nice cottagecore aesthetic.,她的 Instagram 版面有一種很棒的田園美學風格。,
All At Sea,茫然不知所措；一頭霧水,I was all at sea during the advanced math class.,在進階數學課上，我完全是一頭霧水。,
All Hands On Deck,全體動員；大家一起來,It’s all hands on deck to get the project finished by Friday.,為了在週五前完成專案，需要全體動員。,
All Over The Shop,亂七八糟；到處都是,His clothes were all over the shop.,他的衣服到處亂丟，亂七八糟。,
All That Jazz,諸如此類的事；等等,"We talked about music, movies, and all that jazz.",我們聊了音樂、電影，還有諸如此類的事。,
All You Like,隨便你；儘管,"You can complain all you like, but I'm not changing my mind.",你可以儘管抱怨，但我不會改變主意。,
An Old Hand,老手；經驗豐富的人,He is an old hand at fixing cars.,他是個修車的老手。,
An Uphill Task,艱鉅的任務；吃力的工作,Learning a new language in a month is an uphill task.,一個月內學會一門新語言是一項艱鉅的任務。,
Another String To Your Bow,多一項技能；多一條路,Learning Spanish adds another string to your bow.,學習西班牙語讓你多了一項技能。,
Around The Clock,日以繼夜；24小時不停,Doctors worked around the clock to save the patients.,醫生們日以繼夜地工作以搶救病人。,
As If!,才怪；怎麼可能 (表示不信或嘲諷),Him pay for dinner? As if!,他會付晚餐錢？才怪！,
As Sick As A Parrot,(尤指體育賽事後) 非常失望；鬱悶,The fans were as sick as a parrot after their team lost the final.,球隊輸掉決賽後，球迷們都鬱悶到了極點。,
At The Drop Of A Hat,毫不猶豫；立刻,He would argue with anyone at the drop of a hat.,他隨時隨地都會毫不猶豫地跟人爭吵。,
Ate,(俚語) 表現完美；絕了,She ate that performance and left no crumbs!,她的表演簡直完美，無可挑剔！,
Aura,氣場；氛圍分數 (可加減分),He lost -1000 aura points when he tripped on stage.,他在舞台上跌倒時，氣場分數簡直被扣了一千分。,
Aura Farming,(網路用語) 刷好感度；刻意營造氣場,He’s just aura farming by acting cool in front of the camera.,他只是在鏡頭前裝酷來刷好感度。,
Awesomesauce,(俚語) 太棒了；極好的,That movie was awesomesauce!,那部電影真是太棒了！,
Bad Hair Day,諸事不順的一天 (原指頭髮亂糟糟),I'm having a bit of a bad hair day; everything is going wrong.,我今天有點諸事不順，什麼都出錯。,
Bang On About Something,喋喋不休地談論,He keeps banging on about his new car.,他一直喋喋不休地講他的新車。,
Barking Up The Wrong Tree,搞錯對象；認錯人；弄錯目標,"If you think I stole it, you are barking up the wrong tree.",如果你以為是我偷的，那你就找錯人了。,
Be All Downhill,(通常指) 每況愈下；(或) 接下來就容易了,"After the difficult exam, the rest of the week should be all downhill.",考完這場難搞的試，這禮拜剩下的日子應該就輕鬆了。,
Be At A Loss,不知所措；無言以對,I was at a loss for words when she told me.,當她告訴我時，我驚訝得說不出話來。,
Be In With A Shout,有機會(獲勝或成功),I think we are in with a shout of winning the league.,我覺得我們有機會贏得聯盟冠軍。,
Beige Flag,(網路用語) 乏味指標；怪癖 (介於好與壞之間),His beige flag is that he eats pizza with a fork.,他的怪癖是用叉子吃披薩。,
Bet,好的；沒問題；一言為定,"Want to go get tacos? ""Bet.""",「想去吃塔可嗎？」「好啊/走起。」,
Bide Someone's Time,等待時機；按兵不動,She is just biding her time until a better job offer comes along.,她只是在等待時機，直到有更好的工作機會出現。,
Big Data,大數據,Companies use big data to analyze customer behavior.,公司利用大數據來分析顧客行為。,
Big Deal,(諷刺) 沒什麼了不起；(或) 大事,So you won a game? Big deal.,所以你贏了一場比賽？有什麼了不起。,
Bigwig,大人物；要人,The company bigwigs are having a meeting upstairs.,公司的大人物們正在樓上開會。,
Bite The Bullet,咬牙忍受；硬著頭皮做,"I hate going to the dentist, but I'll just have to bite the bullet.",我討厭看牙醫，但我只能硬著頭皮去。,
Bite Your Tongue,忍住不說；保持緘默,"I wanted to argue, but I decided to bite my tongue.",我本來想爭辯，但我決定忍住不說。,
Bitten By The Bug,對...著迷；上癮,"Once you try surfing, you'll get bitten by the bug.",一旦你嘗試衝浪，你就會對它著迷。,
Bleed Someone Dry,榨乾某人 (的錢財),The expensive lawsuit bled him dry.,昂貴的官司把他的錢都榨乾了。,
Blended Working,混合辦公 (在家+進公司),Many companies now offer blended working options.,許多公司現在提供混合辦公的選項。,
Bog-standard,普通的；毫無特色的,"It’s just a bog-standard laptop, nothing fancy.",這只是一台普通的筆電，沒什麼特別的。,
Bone Idle,懶到骨子裡；極度懶惰,He won't lift a finger to help; he's bone idle.,他連一根手指都不肯動，真是懶到骨子裡了。,
Botch Job,豆腐渣工程；拙劣的工作,The plumber did a botch job on the pipes.,水管工把管線修得一塌糊塗。,
Bottle,勇氣；膽量 (Lose one's bottle),He wanted to ask her out but lost his bottle.,他本來想約她，但最後還是沒種,失去勇氣)。)
Brain Fade,大腦當機；一時糊塗,I had a complete brain fade and forgot my PIN code.,我大腦完全當機，忘了我的密碼。,
Brain Rot,腦殘內容；讓腦袋當機的低質內容,Watching too many short videos gives me brain rot.,看太多短影音讓我腦袋都要壞掉了。,
Brass Neck,厚臉皮；無恥,He had the brass neck to ask for more money.,他竟然有臉要求更多的錢，真是厚臉皮。,
Brick By Brick,一磚一瓦地；循序漸進,They built their business brick by brick.,他們一磚一瓦地建立起自己的事業。,
Bring To The Party,貢獻；帶來益處,What skills can you bring to the party if we hire you?,如果我們錄用你，你能為團隊帶來什麼貢獻？,
Bug Someone,煩某人；打擾,Stop bugging me! I'm trying to work.,別煩我！我正在工作。,
Bussin’,超好吃；絕了 (通常指食物),You have to try this pasta; it's bussin’.,你一定要試試這個義大利麵，超好吃的。,
Buyers Remorse,買後後悔；懊悔,I bought a fancy car but now I have buyers remorse.,我買了一輛豪車，但現在我很後悔。,
Buzzkill,掃興的人或事,Don't be such a buzzkill; let us have fun!,別這麼掃興，讓我們玩得開心點！,
By The Book,按部就班；照章行事,My boss likes to do everything strictly by the book.,我的老闆喜歡一切嚴格照章行事。,
Cabin Fever,幽閉煩躁症 (悶壞了),"After being stuck indoors for a week, I've got cabin fever.",在室內悶了一週後，我快得幽閉煩躁症了。,
Cakeism,(政治術語) 魚與熊掌兼得的心態 (Have cake and eat it),Critics accused the politician of cakeism in his negotiations.,評論家指責該政客在談判中抱持著想魚與熊掌兼得的心態。,
Call Dibs,宣示主權；喊「這個我的」,I call dibs on the front seat!,我先喊了，前座是我的！,
Call It A Day,到此為止；收工,We've been working for 10 hours; let's call it a day.,我們已經工作10個小時了，今天就先收工吧。,
Can-do Attitude,積極進取的態度,Employers love candidates with a can-do attitude.,雇主喜歡擁有積極進取態度的求職者。,
Can't Put My Finger On It,說不上來；難以確切描述,"Something is weird, but I can't put my finger on it.",感覺有點怪怪的，但我說不上來是哪裡怪。,
Cancelled,(人/事物) 被抵制；被封殺,That celebrity got cancelled after his offensive tweets.,那位名人在發布冒犯性推文後遭到了抵制封殺。,
Carbon Footprint,碳足跡,Flying significantly increases your carbon footprint.,搭飛機會顯著增加你的碳足跡。,
Cash In On Something,藉機獲利；利用...大賺一筆,Companies tried to cash in on the new trend.,公司試圖利用這個新趨勢大賺一筆。,
Catch-22,進退維谷；左右為難的局面,"It's a catch-22: I need experience to get a job, but I need a job to get experience.",這是一個兩難局面：我需要經驗才能找到工作，但我需要工作才能獲得經驗。,
Caught Red-handed,當場被抓；人贓俱獲,The thief was caught red-handed stealing the car.,竊賊偷車時被當場逮個正著。,
Change For The Better,變好；改善,Quitting smoking was definitely a change for the better.,戒菸絕對是一個好的改變。,
Cherry-pick,挑三揀四；只選好的,You can't just cherry-pick the data that supports your theory.,你不能只挑選支持你理論的數據。,
Cheugy,過氣；老土 (努力過頭反而尷尬),Gen Z thinks wearing skinny jeans is cheugy.,Z世代認為穿緊身牛仔褲很老土。,
Clap Back,(遭受批評後) 回擊；頂嘴,She clapped back at the haters on Twitter.,她在推特上強勢回擊了那些酸民。,
Clever Clogs,聰明鬼 (有時帶諷刺意味),"Okay, clever clogs, if you know everything, you fix it.",好吧，聰明鬼，如果你什麼都知道，那你來修。,
Climate Emergency,氣候緊急狀態,Many cities have declared a climate emergency.,許多城市已宣布進入氣候緊急狀態。,
Cloud Cuckoo Land,異想天開的世界；脫離現實,"If you think you can buy a house for that price, you're living in cloud cuckoo land.",如果你以為用那個價格能買到房子，那你真是異想天開。,
Clout,(影響力) 聲望；權勢 (尤指社群媒體),He uses his online clout to promote charitable causes.,他利用自己在網路上的影響力來推廣慈善事業。,
Clutch At Straws,抓救命稻草；徒勞掙扎,Trying to fix the broken vase with tape is just clutching at straws.,試圖用膠帶修復破碎的花瓶根本是徒勞掙扎。,
Come Full Circle,回到原點；繞了一圈又回來,Fashion trends often come full circle after a few decades.,時尚潮流往往幾十年後又會回到原點。,
Contact Tracing,接觸者追蹤 (疫情術語),Contact tracing helps stop the spread of the virus.,接觸者追蹤有助於阻止病毒傳播。,
Cook,(俚語) 大顯身手；讓某人發揮 (Let him cook),The team stepped back and let him cook during the presentation.,團隊退後一步，讓他在簡報中大顯身手。,
Cook Up An Idea,構思；策劃 (藉口或計劃),We need to cook up a plan to surprise her.,我們需要策劃一個驚喜給她的計畫。,
Cooked,完蛋了；沒救了；累垮,I haven't studied for the exam at all. I'm cooked.,我完全沒準備考試。我完蛋了。,
Cool Cat,時髦且冷靜的人,He is such a cool cat; he never panics.,他是個非常冷靜酷帥的人，從不驚慌。,
Couch Surfing,沙發衝浪 (借宿朋友家或旅行方式),He spent the summer couch surfing across Europe.,他花了一個夏天在歐洲沙發衝浪,借宿各處)。)
Cough Up,掏錢；勉強支付,I had to cough up $100 for the parking fine.,我不得不掏出100美元付停車罰款。,
Cramp My Style,束縛手腳；讓人掃興；限制發揮,My parents coming to the party would really cramp my style.,我父母來參加派對真的會讓我放不開。,
Crank Up,調大；加強 (音量、強度),Let's crank up the music and dance!,讓我們把音樂調大聲點來跳舞吧！,
Creatively Bankrupt,江郎才盡；缺乏創意,That sequel was creatively bankrupt; it was just a copy of the first movie.,那部續集簡直是江郎才盡，只是照抄第一部電影。,
Cringe,(俚語) 尷尬；難為情,His attempt at dancing made me cringe.,他跳舞的樣子讓我覺得好尷尬。,
Crowdsourcing,群眾外包；集思廣益,We are crowdsourcing ideas for the new logo.,我們正在向大眾徵集新商標的點子。,
Crunch Time,關鍵時刻；決勝時刻,It's crunch time for the project team.,現在是專案團隊的關鍵時刻。,
Curate's Egg,好壞參半的事物,"The new album is a bit of a curate's egg; some songs are great, others are boring.",這張新專輯好壞參半；有些歌很棒，有些很無聊。,
Curry Favour,拍馬屁；討好,He's trying to curry favour with the boss by buying him coffee.,他試圖透過買咖啡給老闆來討好他。,
Dabble In,涉獵；淺嚐,He likes to dabble in painting on weekends.,他喜歡在週末涉獵一下繪畫。,
Dad Dancing,老爸式舞步 (指笨拙過時的舞姿),He embarrassed his kids with his dad dancing at the wedding.,他在婚禮上跳那種老土的舞步，讓孩子們覺得很尷尬。,
Dead,(俚語) 笑死我了 (Very funny),That joke was hilarious! I'm dead.,那個笑話太好笑了！笑死我了。,
Delulu,幻想症；愛做白日夢 (Delusional),Being delulu is the only way to stay happy sometimes.,有時候保持愛做白日夢的狀態是維持快樂的唯一方法。,
Demure,莊重含蓄；端莊 (very mindful meme),"See how I do my makeup? Very mindful, very demure.",看看我怎麼化妝的？非常注重細節，非常端莊。,
Dial Down,減弱；降低 (音量、強度等),You need to dial down the drama a bit.,你需要稍微收斂一點你的戲劇化反應。,
Digital Detox,數位排毒 (暫時遠離電子產品),I'm going on a digital detox this weekend; no phones allowed.,這個週末我要進行數位排毒，不准用手機。,
Dip Your Toe Into,試水溫；嘗試接觸,I decided to dip my toe into investing before spending a lot of money.,在投入大筆資金前，我決定先試水溫接觸一下投資。,
Do A Runner,開溜；逃跑 (尤指吃霸王餐),The customers ate the meal and did a runner.,那些顧客吃完飯就開溜沒付錢。,
Do It For The Plot,為了讓人生更有趣而做 (通常指冒險),"I didn't want to go on the date, but I did it for the plot.",我本來不想去約會，但為了讓人生更有故事性我還是去了。,
Do The Trick,奏效；達到目的,"If the remote isn't working, changing the batteries should do the trick.",如果遙控器沒反應，換個電池應該就奏效了。,
Dog's Dinner,一團亂；搞砸了,He made a real dog's dinner of that report.,他把那份報告搞得一團亂。,
Don't Mind Me,別管我；當我不存在 (繼續你們的事),"Don't mind me, I'm just getting a glass of water.",別管我，我只是來倒杯水。,
Donkey's Years,很久很久；很多年,I haven't seen him in donkey's years.,我已經好多年沒見到他了。,
Doomscrolling,刷屏成癮 (強迫性看負面新聞),I spent all night doomscrolling and now I feel anxious.,我整晚都在刷負面新聞，現在覺得很焦慮。,
Double Down,加倍下注；堅持(立場/風險),"Instead of apologizing, he doubled down on his controversial comments.",他沒有道歉，反而更堅持他那具爭議性的言論。,
Down / Up For Something,願意參與；有興趣,Are you down for watching a movie tonight?,你今晚有興趣看電影嗎？,
Down In The Dumps,垂頭喪氣；心情低落,Why are you looking so down in the dumps?,你為什麼看起來這麼垂頭喪氣？,
Drip,穿搭很有型；行頭,Check out his drip! That jacket looks expensive.,看看他的行頭！那件夾克看起來很貴。,
Drip Feed,少量分次提供 (資訊、資金等),Information about the scandal was drip-fed to the press.,醜聞的相關資訊被分次少量地洩露給媒體。,
Drop,(產品/音樂) 發布；推出,The new album drops next Friday.,新專輯將在下週五發布。,
Duck,(稱呼語) 親愛的 (英式),"Can I help you, duck?",親愛的，需要幫忙嗎？,
Duck Out,溜走；提早離開,I had to duck out of the meeting early to catch my train.,為了趕火車，我不得不提早溜出會議。,
Dumbphone,傻瓜手機 (非智慧型手機),He switched to a dumbphone to avoid social media distractions.,為了避免社群媒體的干擾，他換回了傻瓜手機。,
Dupe,平替品 (平價替代品),This lipstick is a great dupe for the expensive brand.,這支口紅是大牌的絕佳平替品。,
Each To Their Own,人各有所好；見仁見智,"I don't like sushi, but each to their own.",我不喜歡壽司，但這就是人各有所好。,
Easier Said Than Done,說起來容易做起來難,Quitting sugar is easier said than done.,戒糖說起來容易，做起來難。,
Eat Your Heart Out,(通常接人名) 羨慕吧；嫉妒吧 (指自己比對方強),"I made the best cake ever. Eat your heart out, Gordon Ramsay!",我做了史上最棒的蛋糕。羨慕吧，高登·拉姆齊！,
Eat Your Words,食言；承認說錯話,"You said I couldn't do it, but I'll make you eat your words.",你說我做不到，但我會讓你承認你看走眼了。,
Echo Chamber,同溫層；回聲室效應,Social media can often become an echo chamber of similar opinions.,社群媒體常變成意見相似的同溫層。,
Eke Out,勉強維持；節省使用,We had to eke out our water supplies until rescue arrived.,我們不得不節省使用水資源，直到救援到達。,
Elbow Grease,費力的工作；體力活 (需用力擦洗),It took a lot of elbow grease to clean the oven.,清理烤箱費了好一番力氣。,
Excuse Me!,搞什麼；你說什麼 (表示被冒犯),Excuse me! I was standing here first.,搞什麼！是我先站在這裡的。,
Extra,(俚語) 戲精；過度誇張,She's being so extra about her birthday party.,她對她的生日派對表現得太誇張了。,
Fall On Stony Ground,被當耳邊風；毫無效果,His advice fell on stony ground; nobody listened.,他的建議被當成耳邊風，沒人聽進去。,
Famous Last Words,(諷刺) 說得倒容易；別高興得太早,It will only take five minutes. Famous last words.,「只需要五分鐘。」這話說得倒容易,通常結果並非如此)。)
Fat Chance,機會渺茫；想得美,"Will he lend you money? ""Fat chance!""",「他會借你錢嗎？」「想得美,不可能)！」)
Feast Your Eyes,飽覽；盡情欣賞,Feast your eyes on this beautiful view!,盡情欣賞這美麗的景色吧！,
Feel Seen,感到被理解；有共鳴,Watching that movie made me feel seen.,看那部電影讓我覺得備受理解。,
Fever Pitch,極度興奮；狂熱頂點,The excitement reached fever pitch as the band walked on stage.,當樂團走上舞台時，興奮之情達到了頂點。,
Fib,小謊；無傷大雅的謊言,He told a little fib about his age.,他對自己的年齡撒了個小謊。,
Fill Your Boots,儘管拿；盡情享用,"There's plenty of food, so fill your boots.",食物很多，盡情享用吧。,
Find Your Groove,找到節奏；漸入佳境,"It took a few weeks, but I'm finally finding my groove at work.",花了幾個禮拜，但我終於在工作上漸入佳境。,
Fire,(俚語) 超讚；很火；酷斃了,That new song is fire.,那首新歌太讚了。,
Fireworks,激烈的爭吵；火爆場面,Expect fireworks at the meeting today.,預期今天的會議會有激烈的爭吵。,
Fitspiration,健身靈感 (Fitness + Inspiration),Her Instagram is full of fitspiration.,她的 Instagram 充滿了健身靈感。,
Flatten The Curve,壓平(疫情)曲線,Social distancing helps to flatten the curve.,保持社交距離有助於壓平疫情曲線。,
Flexing,(俚語) 炫耀；秀,He's always flexing his expensive watch on Instagram.,他總是喜歡在 Instagram 上秀他的昂貴手錶。,
Fly By Night,不可靠的；隨時會倒閉的 (公司/人),Don't trust that fly-by-night company with your money.,別把錢交給那種不可靠、隨時會跑路的公司。,
FOMO,錯失恐懼症 (Fear Of Missing Out),I went to the party because I had FOMO.,我去參加派對是因為我怕錯過什麼好玩的。,
Freecycle,贈物 (將舊物免費送人而非丟棄),"Instead of throwing it away, I decided to freecycle my old sofa.",我決定把舊沙發免費送人，而不是丟掉。,
Freegan,免費素食者 (吃他人丟棄食物的人),"As a freegan, he finds perfectly good food in supermarket bins.",身為一名免費素食者，他在超市垃圾桶裡找完好無缺的食物。,
Frenemy,亦敵亦友；假朋友,Be careful with her; she's more of a frenemy.,小心她，她比較像是個假朋友。,
Friends In High Places,上頭有人；有權勢的朋友,He got the job because he has friends in high places.,他得到那份工作是因為他上面有人。,
From Pillar To Post,到處奔波；從一處被踢到另一處,I was sent from pillar to post trying to get my visa approved.,為了簽證核准，我被人當皮球踢來踢去，到處奔波。,
From The Get-go,一開始；從頭,I knew this project was a bad idea from the get-go.,我從一開始就知道這個專案是個壞主意。,
Frontliner,第一線人員 (尤指疫情期間),Doctors and nurses are essential frontliners.,醫生和護士是不可或缺的第一線人員。,
Fuddy-duddy,老古板；守舊的人,Don't be a fuddy-duddy; come to the party!,別當個老古板，來參加派對吧！,
Furlough,無薪假；留職停薪,Many employees were put on furlough during the crisis.,危機期間，許多員工被迫放無薪假。,
Game Face,嚴肅認真的表情 (準備迎接挑戰),Put your game face on; it's time to negotiate.,擺出你的戰鬥表情，該談判了。,
Gaslighting,煤氣燈效應；心理操縱 (讓受害者懷疑現實),He was gaslighting her into believing she was the one at fault.,他在對她進行心理操縱，讓她以為錯的人是她自己。,
Gathering Dust,閒置；被束之高閣,My guitar has been gathering dust in the corner for years.,我的吉他在角落裡已經閒置多年長灰塵了。,
Get The Short Straw,抽到下下籤；做苦差事,I got the short straw and had to clean the toilets.,我運氣不好抽到下下籤，必須去洗廁所。,
Get With The Programme,跟上形勢；別狀況外,Everyone uses smartphones now; you need to get with the programme.,現在大家都用智慧型手機了，你得跟上時代。,
Get Your Act Together,振作起來；整頓好自己 (變得更有條理),You need to get your act together if you want to pass this exam.,如果你想通過這次考試，你得振作起來好好規劃。,
Ghosting,搞失蹤；斷絕聯絡 (尤指約會對象),"I thought the date went well, but then he started ghosting me.",我以為約會很順利，結果他就開始搞失蹤不理我。,
Giant Killer,(體育等) 擊敗強對手的弱隊/人,The small team became a giant killer after defeating the world champions.,這支小球隊擊敗世界冠軍後，成為了巨人殺手。,
Give It Some Welly!,加把勁；用力點,"Come on, give it some welly! push harder!",拜託，加把勁！用力推！,
Give Someone The Runaround,互相推諉；打發某人 (不正面回應),The insurance company gave me the runaround for weeks.,保險公司跟我互相推諉了好幾個禮拜。,
Give Us A Bell,打電話給我,Give us a bell when you get home.,你到家時打個電話給我。,
Gnarly,(俚語) 很酷；(或) 糟糕/噁心的 (視語境),That skateboard trick was gnarly!,那個滑板特技太酷了！,
Go Off On One,突然大發雷霆；發飆,He went off on one when he saw the mess.,當他看到一團亂時，突然大發雷霆。,
Go With The Flow,順其自然；隨波逐流,I don't have a schedule; I'll just go with the flow.,我沒有行程表，就順其自然吧。,
Go-to,首選；必備,This is my go-to recipe for chocolate cake.,這是我的巧克力蛋糕首選食譜。,
GOAT,(俚語) 史上最偉大 (Greatest of All Time),Many people consider Messi the GOAT of football.,許多人認為梅西是足球史上最偉大的球員。,
Goldilocks,(形容詞) 恰到好處的 (不冷不熱、不大不小),"The planet is in the Goldilocks zone, suitable for life.",這顆行星位於適居帶，條件恰到好處適合生命生存。,
Got Your Number,看穿你了；摸透你了,You can't fool me; I've got your number.,你騙不了我，我已經看穿你了。,
Grind Someone's Gears,讓人火大；惹惱某人,It really grinds my gears when people chew loudly.,人們大聲咀嚼真的很讓我火大。,
Ham-fisted,笨手笨腳；拙劣的,His ham-fisted attempt at an apology only made things worse.,他那笨拙的道歉嘗試只讓事情變得更糟。,
Hang In There,撐住；堅持下去,"I know it's tough, but hang in there!",我知道這很艱難，但要撐住！,
Happy Days,太棒了 (表示滿意或好消息),We finished the project early. Happy days!,我們提早完成了專案。太棒了！,
Happy-go-lucky,樂天派的；無憂無慮的,She has a happy-go-lucky attitude towards life.,她對生活抱持著無憂無慮的樂天態度。,
Hard At It,努力工作中,"They are hard at it, preparing for the launch.",他們正努力工作中，為發布會做準備。,
Hard Pass,果斷拒絕,Watching that horror movie? That's a hard pass for me.,看那部恐怖片？我絕對不要。,
Hard-nosed,講求實際的；強硬的 (尤指商業),He is a hard-nosed businessman who never compromises.,他是個強硬且講求實際的商人，從不妥協。,
Hater,酸民；仇視者,Ignore the haters; they are just jealous.,無視那些酸民，他們只是嫉妒。,
Hats Off,致敬；佩服,Hats off to you for finishing the marathon.,真心佩服你跑完了馬拉松。,
Have A Go,嘗試；(或) 批評/攻擊,I'll have a go at fixing it myself.,我會試著自己修修看。 / Why did you have a go at him?,你為什麼要批評他？)
Have A Good Nose (For Something),很擅長發現/尋找...；有眼光,She has a good nose for a bargain.,她很擅長發掘便宜好貨。,
Have A Lot Of Plates Spinning,分身乏術；同時處理多項事務,She has a lot of plates spinning at work right now.,她現在工作上要同時處理好多事情，分身乏術。,
Have A Pop,批評；攻擊 (或嘗試),Why are you having a pop at me? I didn't do anything.,你為什麼要攻擊我？我什麼都沒做。,
Have A Soft Spot,對...情有獨鍾；心軟,I have a soft spot for stray cats.,我對流浪貓總是特別心軟/情有獨鍾。,
Have All Your Christmases Come At Once,喜從天降；好運接踵而來,Winning the lottery and getting promoted? It's like having all your Christmases come at once.,中樂透又升遷？簡直是喜從天降，好運全來了。,
Have In Your Locker,(足球術語引申) 擁有...技能/潛力,He has a great free kick in his locker.,他具備踢出精彩自由球的技能。,
Have Someone On,開某人玩笑；騙人,"Are you serious, or are you having me on?",你是認真的，還是在耍我？,
Heavy Lifting,粗活；繁重工作 (也指核心難題),"The software does all the heavy lifting, so you just need to click a button.",軟體會處理所有繁重運算，你只需要按一個按鈕。,
Hits Different,(俚語) 感覺不一樣；特別帶感,Drinking water at 3 AM just hits different.,半夜三點喝水感覺就是特別不一樣,特別爽)。)
Hot On The Heels,緊隨其後；緊接著,The sequel was released hot on the heels of the original movie's success.,續集緊接著在原創電影成功後發布。,
Hot Under The Collar,臉紅脖子粗；發怒；尷尬,He got a bit hot under the collar when I asked about his mistake.,當我問起他的錯誤時，他變得有點惱羞成怒。,
Humblebrag,假謙虛真炫耀 (凡爾賽文學),His complaint about having too many awards was a classic humblebrag.,他抱怨獎盃太多沒地方放，這真是經典的假謙虛真炫耀。,
I Don't Buy It,我不相信；我不買帳,"He said he was sick, but I don't buy it.",他說他病了，但我才不相信。,
I'll Give You That,這點我承認 (通常用於讓步),"He's annoying, but he's a hard worker, I'll give you that.",他很煩人，但他工作很努力，這點我承認。,
I'm Out,我不玩了；我不參加,"If we have to pay extra, I'm out.",如果要額外付費，我就不參加了。,
If The Cap Fits,如果你覺得是在說你，那就是吧 (對號入座),"I didn't say you were lazy, but if the cap fits, wear it.",我沒說你懶，但如果你覺得是在說你，那就是吧。,
In My Travel Era,(網路用語) 在我的...時期 (指沈浸於某事物),"I'm currently in my travel era, exploring a new country every month.",我現在正處於旅遊狂熱期，每個月都要探索一個新國家。,
In On It,知情；參與其中 (通常指秘密),Everyone was in on it except me.,除了我以外，每個人都知情。,
Ins And Outs,詳情；來龍去脈,He knows the ins and outs of the legal system.,他熟知法律系統的來龍去脈。,
It Beats Me,我被考倒了；我不知道,"Why did he do that? ""It beats me.""",「他為什麼要那樣做？」「我哪知道/考倒我了。」,
It Comes With The Territory,這是難免的；份內之事,Stress comes with the territory in this job.,在這份工作中，壓力是難免的。,
It Escapes Me,我想不起來了,The name of that actor escapes me right now.,我現在想不起那個演員的名字。,
It Happens To The Best Of Us,這種事誰都難免；別太自責,Don't worry about the mistake; it happens to the best of us.,別擔心那個錯誤，這種事連高手都難免會發生。,
It Slaps!,(俚語) 超好聽；超棒 (尤指音樂或食物),This new song slaps!,這首新歌超好聽！,
It Won't Wash,行不通；沒人會信,That excuse won't wash with the boss.,那個藉口在老闆那裡是行不通的。,
It's A Small World,世界真小 (巧遇),I met my neighbor in Paris! It's a small world.,我在巴黎遇見了我的鄰居！世界真小。,
It's Giving,(俚語) 給人...的感覺；很有...的氛圍,The outfit is giving 90s pop star vibes.,這套服裝很有90年代流行巨星的氛圍。,
It's Now Or Never,機不可失；勿失良機,Ask her out! It's now or never.,約她出去！機不可失，時不再來。,
It’s The … For Me,(俚語) 我最喜歡/討厭的就是... (強調某特點),It's the confidence for me.,我最欣賞的就是他的自信 / 他的自信真是絕了。,
It's The Thought That Counts,禮輕情意重；心意最重要,"The gift wasn't expensive, but it's the thought that counts.",禮物不貴重，但心意最重要。,
IYKYK,"懂得都懂 (If You Know, You Know)",Last night's party was crazy. IYKYK.,昨晚的派對太瘋狂了。懂得都懂。,
Jack-of-all-trades,萬事通；樣樣通樣樣鬆,"He's a jack-of-all-trades, master of none.",他是個萬事通，但沒有一樣精通。,
Jiggery-pokery,詐欺；暗箱操作；把戲,I suspect there was some jiggery-pokery with the accounts.,我懷疑帳目有些暗箱操作的把戲。,
Jog Your Memory,喚起記憶；提醒,Maybe this photo will help jog your memory.,也許這張照片能幫你喚起記憶。,
Join The Club,(諷刺) 彼此彼此；我也一樣慘,You failed the test? Join the club.,你考試不及格？彼此彼此,我也一樣)。)
JOMO,錯過的快樂 (Joy of Missing Out),I stayed home with a book and felt pure JOMO.,我待在家看書，享受著「錯過的快樂」。,
Jump Through Hoops,過五關斬六將；歷經磨難 (克服繁瑣程序),We had to jump through hoops to get the visa approved.,為了獲得簽證批准，我們費盡周折。,
Just The Ticket,正是所需的東西；恰到好處,That cold drink was just the ticket on a hot day.,那杯冷飲在熱天裡正是再好不過了。,
Keep A Lid On It,保守秘密；控制局面 (防止失控),Try to keep a lid on it until we make the official announcement.,在我們正式宣布之前，盡量保守秘密。,
Keep Someone On Their Toes,讓人保持警惕；不讓某人鬆懈,The surprise quizzes keep the students on their toes.,突擊測驗讓學生們時刻保持警惕。,
Key Worker,關鍵崗位員工 (如醫護、警消),Supermarket staff were classified as key workers during the lockdown.,封城期間，超市員工被歸類為關鍵崗位員工。,
Kiss Something Goodbye,跟...說再見 (指失去),You can kiss your bonus goodbye if you're late again.,如果你再遲到，你的獎金就飛了。,
Know The Score,了解實情；心裡有數,You don't need to explain; I know the score.,你不需要解釋，我心裡有數。,
La-la Land,夢幻世界；脫離現實的狀態,He spends half his time in la-la land.,他一半的時間都活在自己的夢幻世界裡。,
Laughing All The Way To The Bank,輕鬆賺大錢；(雖被嘲笑但) 獲利豐厚,"Critics hated the movie, but the director is laughing all the way to the bank.",影評人討厭這部電影，但導演卻賺得盆滿缽滿。,
Lay It On Thick,吹捧過頭；誇大其詞,He was really laying it on thick to impress the boss.,為了給老闆留下印象，他吹捧得太過頭了。,
Leave A Bad Taste In Your Mouth,留下不好的回憶；令人作嘔,The way they treated him left a bad taste in my mouth.,他們對待他的方式讓我覺得很噁心/觀感很差。,
Left On Read,已讀不回,"I texted him yesterday, but I was left on read.",我昨天傳訊息給他，但他已讀不回。,
"Left, Right, And Centre",到處；四面八方,"He was spending money left, right, and centre.",他到處亂花錢。,
Let Loose,放鬆；盡情釋放,The party is a chance to let loose and have fun.,派對是一個放鬆身心、盡情玩樂的機會。,
Let Sleeping Dogs Lie,莫惹是非；過去的事就讓它過去,Don't bring up the old argument; let sleeping dogs lie.,別再提那場舊爭執了，過去的事就讓它過去吧。,
Let Something Slide,不予追究；睜一隻眼閉一隻眼,"I'll let it slide this time, but don't be late again.",這次我不予追究，但別再遲到了。,
Let The Dust Settle,等風波平息；待塵埃落定,We should wait and let the dust settle before making a decision.,我們應該等風波平息後再做決定。,
Level Up,升級；更上一層樓,You need to level up your skills to get promoted.,你需要提升技能才能獲得晉升。,
Light Up Like A Christmas Tree,(因開心或興奮) 容光煥發；突然亮起來,Her face lit up like a Christmas tree when she saw the gift.,當她看到禮物時，臉上頓時容光煥發。,
Like Riding A Bike,像騎腳踏車一樣 (學會就不會忘),"I haven't skied in years, but it's like riding a bike.",我好幾年沒滑雪了，但這就像騎腳踏車一樣,一上手就會)。)
Listicle,清單式文章 (List + Article),Buzzfeed is famous for its listicles.,Buzzfeed 以其清單式文章聞名。,
Lit,(俚語) 很嗨；很酷；很棒,The party last night was lit.,昨晚的派對太嗨了。,
Live For Something,熱愛；為...而活 (極度喜歡),I live for these weekends away!,我超愛這些週末出遊的時光！,
Live Rent-free In One's Head,揮之不去；讓人念念不忘 (尤指討厭的人事物),That embarrassing moment lives rent-free in my head.,那個尷尬的時刻一直在我腦海中揮之不去。,
Living In A Bubble,活在同溫層/幻想中；與世隔絕,He has no idea what real life is like; he's living in a bubble.,他根本不知道現實生活是什麼樣子，完全活在自己的世界裡。,
Lo And Behold,真沒想到；居然 (表示驚訝),"I looked in the box and, lo and behold, the ring was there.",我往盒子裡一看，真沒想到，戒指居然就在那裡。,
Lock In,進入專注模式；全神貫注,I need to lock in and finish this assignment tonight.,我今晚必須進入專注模式把這份作業做完。,
Lolz,呵呵；好笑 (LOL的變體),I fell over in front of everyone. Lolz.,我在大家面前跌倒了。呵呵。,
Long,(俚語) 費勁；麻煩；無聊,I'm not walking all the way there; that's long.,我才不要一路走到那裡，太費勁了。,
Looksmaxxing,顏值極大化；變帥特訓,He's been looksmaxxing by going to the gym and changing his diet.,他正透過健身和改變飲食來進行顏值極大化。,
Lowkey,(俚語) 低調地；偷偷地；有點,I lowkey want to go home right now.,其實我現在有點想回家。,
Main Character Energy,主角光環；主角氣場,She walked into the party with serious main character energy.,她帶著強烈的主角氣場走進派對。,
Make A Pig's Ear Of Something,把事情弄得一團糟,He tried to fix the sink but made a pig's ear of it.,他試圖修理水槽，結果弄得一團糟。,
Make A Rod For Your Own Back,自找麻煩；作法自斃,"By agreeing to work weekends, you've made a rod for your own back.",答應週末工作，你簡直是自找麻煩。,
Make A Song And Dance (About Something),小題大作；大驚小怪,Please don't make a song and dance about it; it's a small mistake.,請別為了這點小錯誤大驚小怪。,
Makes My Skin Crawl,讓人起雞皮疙瘩；毛骨悚然,The sound of nails on a chalkboard makes my skin crawl.,指甲刮黑板的聲音讓我起雞皮疙瘩。,
Makes Your Hair Stand On End,讓人毛骨悚然；嚇得寒毛直豎,The ghost story made my hair stand on end.,那個鬼故事聽得我毛骨悚然。,
Mardy,鬧彆扭的；情緒低落的 (英式口語),Don't be so mardy just because you lost.,別因為輸了就鬧彆扭。,
Mental Gymnastics,(為辯解而做的) 腦力激盪；曲解邏輯,He performed some serious mental gymnastics to justify his mistake.,他為了合理化自己的錯誤，用了極其牽強的邏輯。,
Mic Drop,扔麥克風 (象徵精彩發言結束),She finished her speech with a mic drop moment.,她以一個令人折服的「扔麥克風」時刻結束了演講。,
Microworker,微工作者 (接單做零碎小任務的人),"As a microworker, he does small data entry tasks online.",作為一名微工作者，他在網上做些資料輸入的零碎任務。,
Mid,普普；一般般 (貶義),"The movie wasn't bad, but it was kind of mid.",電影不差，但也普普而已。,
Miffed,有點生氣；惱火,She was a bit miffed that she wasn't invited.,她因為沒被邀請而感到有點惱火。,
Milk It,榨取價值；博取同情 (裝可憐),He hurt his finger slightly but he's really milking it to get out of work.,他手指受了點輕傷，但他為了不想工作而裝得很嚴重。,
Mind Your Ps And Qs,注意禮貌；謹言慎行,You need to mind your Ps and Qs when meeting the Queen.,見女王時你需要注意你的言行舉止。,
Moment Of Truth,關鍵時刻；揭曉時刻,It was the moment of truth when the teacher handed back the exams.,老師發回考卷的那一刻真是關鍵時刻。,
Mooch,閒晃；蹭(東西),He loves to mooch around the shopping mall on weekends.,他喜歡週末在購物中心閒晃。,
Moonshot,瘋狂的計畫；看似不可能但具野心的項目,The company's latest project is a real moonshot.,這家公司的最新專案真是一個極具野心的大膽計畫。,
Moreish,(食物) 讓人想再吃的；吃不膩的,These cookies are very moreish.,這些餅乾好吃得讓人想一片接一片。,
Muddle Along,得過且過；混日子,We just muddled along without a clear plan.,我們沒有明確的計劃，只是得過且過。,
My Bad,我的錯 (口語道歉),"You forgot the tickets. ""My bad.""",「你忘了帶票。」「我的錯。」,
Neck Of The Woods,附近地區；這一帶,"If you're ever in my neck of the woods, come visit.",如果你來我這一帶，記得來找我。,
New Normal,新常態,Wearing masks became the new normal.,戴口罩變成了新常態。,
No Cap,(俚語) 沒騙你；認真的；不吹牛,"That was the best burger I've ever had, no cap.",那是我吃過最好吃的漢堡，真心不騙。,
No Cap / Cap,不騙你 (No cap) / 騙人的 (Cap),"That was the best burger I've ever had, no cap.",那是我吃過最好吃的漢堡，真心不騙。,
No Fear,沒在怕的；別擔心 (No worries),"Are you scared? ""No fear!""",「你怕嗎？」「沒在怕的！」,
No Great Shakes,沒什麼了不起；表現平平,"The movie was okay, but no great shakes.",那部電影還行，但沒什麼了不起。,
No Ifs Or Buts,沒有藉口；別討價還價,"Finish your homework, no ifs or buts.",做完你的功課，沒有藉口。,
No Leg To Stand On,站不住腳；理虧,"Without evidence, you have no leg to stand on in this argument.",沒有證據，你的論點根本站不住腳。,
No Picnic,絕非易事；不好受,Living without electricity is no picnic.,沒有電的生活絕非易事。,
No Two Ways About It,毫無疑問；沒得商量,"It was a difficult decision, no two ways about it.",這是一個艱難的決定，毫無疑問。,
Nomophobia,無手機恐懼症 (No Mobile Phone Phobia),She suffers from nomophobia and panics without her phone.,她有无手机恐惧症，沒有手機就會恐慌。,
Noob,(俚語) 菜鳥；新手,Don't be such a noob; use the shortcut.,別像個菜鳥一樣，用快捷鍵吧。,
Not A Patch On Something,遠不如；比不上,The remake is not a patch on the original movie.,這部翻拍電影遠不如原版。,
Not A Sausage,一無所有；毫無消息,We heard not a sausage from them for weeks.,我們好幾個禮拜都沒有他們的任何消息。,
Not Gonna Lie,說實話；不騙你,"Not gonna lie, I'm pretty tired.",說實話，我真的蠻累的。,
Not Half,非常；極其 (肯定語氣),"Did you enjoy the concert? ""Not half!""",「你喜歡那場演唱會嗎？」「非常喜歡！」,
Not Like The Sound Of Something,聽起來不妙；不喜歡這消息,I do not like the sound of those dark clouds.,我不喜歡那些烏雲，感覺要變天了。,
Not Looking Too Clever,情況不妙；看起來不太好 (指天氣、健康等),The weather is not looking too clever for our picnic.,這天氣看來對我們的野餐不太妙。,
Not See Hide Nor Hair,連影子都沒看到；完全沒消息,I haven't seen hide nor hair of him since the party.,自從派對後，我連他的影子都沒看到。,
Nothing To Shout About,平平無奇；沒什麼值得誇耀的,"The food was okay, but nothing to shout about.",食物還可以，但沒什麼特別的。,
Nothingburger,雷聲大雨點小的事；無關緊要的事,The scandal turned out to be a total nothingburger.,那起醜聞結果證明根本是雷聲大雨點小，沒什麼大不了。,
Now You're Talking,這才像話；這主意不錯,Pizza for dinner? Now you're talking!,晚餐吃披薩？這主意太棒了！,
Obvs,(俚語) 顯然 (Obviously 的縮寫),Are you coming? Obvs!,你會來嗎？廢話，當然！,
Off Base,大錯特錯；毫無根據,Your guess about the price was way off base.,你對價格的猜測完全是大錯特錯。,
Off The Cuff,即興；隨口說說,He gave a speech off the cuff without any notes.,他在沒有任何筆記的情況下即興發表了演講。,
Off The Scale,破表；極高 (好或壞),The excitement in the stadium was off the scale.,體育場內的興奮程度簡直破表。,
Off The Top Of My Head,憑印象；不假思索地,I can't give you the exact number off the top of my head.,我無法憑印象給你確切的數字。,
On Fire,狀態極佳；手感發燙,He scored three goals today; he's on fire!,他今天進了三球，狀態好得不得了！,
On Fleek,(俚語) 完美；好看極了 (尤指眉毛、妝容),Her eyebrows are always on fleek.,她的眉毛總是畫得完美無瑕。,
On Point,完美的；到位的,Her outfit is always on point.,她的穿搭總是完美到位。,
On The Box,在電視上,What's on the box tonight?,今晚電視演什麼？,
On The Fly,臨時；即興；邊做邊學,"I didn't have a plan, so I had to make decisions on the fly.",我沒有計畫，所以只能臨時做決定。,
On The Go,忙碌中；奔波中,I usually grab breakfast on the go.,我通常在忙碌奔波中隨便吃點早餐。,
On The Table,(提案) 被提出；可供討論,The offer is still on the table.,那個提議仍然有效，可供討論。,
Onboarding,入職培訓；導入,The onboarding process for new employees takes three days.,新員工的入職培訓過程需要三天。,
One Step At A Time,一步一步來；循序漸進,Recovering from injury takes time; just take it one step at a time.,傷後復原需要時間，只要一步一步來就好。,
One-up,略勝一籌；把人比下去,He always tries to one-up me with his stories.,他總是試圖用他的故事把我比下去。,
Oomph,魄力；精力；勁頭,The soup needs a bit more spice to give it some oomph.,這湯需要多加點香料來提味，讓它更有勁。,
Out Of Order,故障；(行為) 越界/不合規矩,The elevator is out of order.,電梯故障了。 / His behavior was totally out of order.,他的行為完全越界了。)
Out Of The Loop,狀況外；不知情,"I've been on holiday, so I'm completely out of the loop.",我去度假了，所以現在完全在狀況外。,
Out Of Your Depth,力不從心；無法駕馭 (能力不及),I felt completely out of my depth in the advanced class.,在進階班裡，我覺得完全力不從心。,
"Out With The Old, In With The New",舊的不去，新的不來,"It's New Year's Eve: out with the old, in with the new!",除夕夜：舊的不去，新的不來！,
Pea-souper,濃霧 (像豌豆湯一樣濃),The flight was cancelled due to a pea-souper.,航班因為濃霧而取消。,
Peacocking,招搖過市；像孔雀開屏般炫耀 (尤指吸引異性),He was peacocking at the bar in his flashy suit.,他穿著招搖的西裝在酒吧裡炫耀自己。,
Peaks And Troughs,高低起伏；峰迴路轉,Every business goes through peaks and troughs.,每個企業都會經歷高低起伏。,
Periodt,完畢；就是這樣 (不接受反駁),"I'm not going, and that's on periodt.",我不去，就這樣，沒什麼好說的。,
Pet Hate,特別討厭的事 (Pet Peeve),People chewing with their mouth open is my pet hate.,張著嘴咀嚼是我最討厭的事。,
Ping,發送 (郵件/訊息),Ping me an email later.,晚點發個郵件給我。,
Pizzazz,魅力；活力；瀟灑,The dancer performed with great pizzazz.,那位舞者的表演充滿了魅力與活力。,
Plan B,備案；B計畫,"If it rains, do we have a Plan B?",如果下雨，我們有備案嗎？,
Plastic Footprint,塑膠足跡 (個人/企業的塑膠消耗量),We are trying to reduce our plastic footprint by using glass bottles.,我們試著透過使用玻璃瓶來減少塑膠足跡。,
Play A Blinder,表現極佳 (尤指體育),The goalkeeper played a blinder to save the match.,守門員表現神勇，挽救了比賽。,
Pot Luck,碰運氣；隨機,"We didn't book a table, so we'll just have to take pot luck.",我們沒訂位，所以只能碰碰運氣了。,
Productivity Theatre,裝忙；表演性工作,Answering emails late at night is often just productivity theatre.,深夜回郵件通常只是在表演裝忙。,
"Promises, Promises",說得好聽 (諷刺只說不做),"Promises, promises, she said when he swore he'd change.",當他發誓會改變時，她說：「說得好聽。」,
Pull A Fast One,欺騙；耍花招,"He tried to pull a fast one on me, but I caught him.",他試圖對我耍花招，但我抓到他了。,
Pull The Wool Over Someone's Eyes,矇騙某人；欺騙,Don't try to pull the wool over my eyes; I know the truth.,別想矇騙我，我知道真相。,
Punch Above Your Weight,越級挑戰；表現超乎預期 (或追到條件比自己好的人),"With that small budget, the film really punched above its weight.",以那麼少的預算，這部電影的表現真是超乎預期。,
Push Back,推遲；抵制/反對,We received some push back on the new policy.,我們對新政策收到了一些反對意見。,
Put The Brakes On,喊停；減緩,The government has put the brakes on public spending.,政府已經縮減了公共開支。,
Quiet Quitting,在職躺平；只做份內事,He decided to try quiet quitting and stopped answering emails after 5 PM.,他決定嘗試「在職躺平」，下午五點後就不再回覆郵件。,
Quote ... Unquote,所謂的 (用於諷刺或強調詞語),He is a quote expert unquote on the subject.,他可是這個主題上「所謂的」專家。,
Rabbit On,喋喋不休；嘮叨,He kept rabbiting on about his new car.,他一直喋喋不休地講他的新車。,
Rat Race,激烈的商業競爭；無休止的奔波,He quit the corporate rat race to become a farmer.,他退出了激烈的職場競爭，去當了一名農夫。,
Read The Room,察言觀色；看氣氛,You shouldn't make jokes at a funeral; try to read the room.,你不該在葬禮上開玩笑，試著察言觀色一下。,
Rear Its Head,(問題等) 重新浮現；抬頭,Inflation has begun to rear its ugly head again.,通貨膨脹問題又開始重新浮現。,
Reinvent The Wheel,多此一舉；做重複的工,We don't need to reinvent the wheel; just use the existing system.,我們不需要多此一舉重新發明輪子，用現有的系統就好。,
Rinse Repeat,循環往復；一再重複 (指單調的過程),"Wake up, work, sleep, rinse, repeat.",起床、工作、睡覺，日復一日。,
Rizz,撩妹/撩漢技巧；魅力 (Charisma),He has unspoken rizz; everyone is naturally drawn to him.,他有一種無形的魅力，大家都會自然地被他吸引。,
Roast,吐槽；公開羞辱 (喜劇形式),His friends decided to roast him on his birthday.,他的朋友們決定在他生日那天狠狠吐槽他。,
Rope Someone In,說服某人參與；拉某人入夥,They roped me into organizing the office party.,他們拉我入夥去籌辦辦公室派對。,
Rub It In,在傷口上撒鹽；哪壺不開提哪壺,I know I failed; you don't have to rub it in.,我知道我失敗了，你不用一直提這件事來刺激我。,
Run For The Hills,逃之夭夭；避之唯恐不及,"When he started talking about marriage, she wanted to run for the hills.",當他開始談論婚姻時，她只想逃之夭夭。,
Running On Fumes,精疲力竭；耗盡精力 (像車子沒油靠油氣跑),I've been working for 12 hours straight; I'm running on fumes.,我連續工作了12小時，已經精疲力竭了。,
Sadfishing,賣慘；(網路) 討拍,Stop sadfishing for likes on Instagram.,別在 Instagram 上發討拍文騙讚了。,
Salty,(俚語) 惱羞成怒；酸葡萄；不爽,He was salty because he lost the game.,他因為輸了比賽而感到很不爽。,
Savage,(俚語) 犀利；狠毒；狂,That comeback was savage!,那個回嘴真是太犀利了！,
Say No More,不必多說 (我都懂了/我會照辦),"Can you help me move this sofa? ""Say no more.""",「你能幫我搬這張沙發嗎？」「沒問題，交給我。」,
Scatterbrain,健忘的人；糊塗蟲,I'm such a scatterbrain; I forgot my keys again.,我真是個糊塗蟲，又忘記帶鑰匙了。,
Scratch The Surface,僅觸及皮毛,We've only scratched the surface of this complex issue.,對於這個複雜的問題，我們只觸及了皮毛。,
Scrub Up Well,打扮後很體面/好看,"He usually wears jeans, but he scrubs up well in a suit.",他平常穿牛仔褲，但穿起西裝來還挺人模人樣的。,
Second Nature,第二天性；習以為常,Driving has become second nature to me after all these years.,經過這麼多年，開車對我來說已經像呼吸一樣自然。,
Second-guess,事後諸葛；質疑 (自己或他人),Stop second-guessing yourself and trust your instincts.,別再自我懷疑了，相信你的直覺。,
Serial Returner,慣性退貨者 (買了又常退貨的人),Stores are banning serial returners who abuse the return policy.,商店正在禁止那些濫用退貨政策的慣性退貨者。,
Sharenting,曬娃 (父母在網上過度分享孩子),She is guilty of sharenting; every detail of her baby's life is online.,她很愛「曬娃」，寶寶生活的所有細節都在網上。,
Sheeple,盲從的人；隨波逐流者 (Sheep + People),Don't be sheeple; think for yourself!,別當盲從的羊群，要有自己的想法！,
Ship,(網路用語) 嗑 CP；支持某對情侶,I totally ship those two characters in the show.,我完全在嗑那部劇裡的那對 CP。,
Shoehorn Something In,硬塞；生硬地插入 (話題等),He managed to shoehorn a mention of his new book in the conversation.,他設法在對話中生硬地插入關於他新書的話題。,
Shook,(俚語) 震驚；嚇傻,I was absolutely shook when I heard the news.,聽到這個消息時我完全嚇傻了。,
Shout-out,(公開) 致意；感謝,I want to give a shout-out to my mom for helping me.,我想向我媽媽致意，感謝她的幫忙。,
Shrinkflation,縮水式通膨 (價格不變但份量變少),"Because of shrinkflation, this chocolate bar is much smaller now.",因為縮水式通膨，這條巧克力現在變小了很多。,
Sigma,孤狼；獨行俠 (指獨立自主的強者),He considers himself a sigma male who doesn't follow the crowd.,他自認為是個不隨波逐流的孤狼型強者。,
Sitting Pretty,處於優勢；生活優渥,"With his new promotion, he's sitting pretty.",隨著新的晉升，他現在處境非常優越。,
Situationship,曖昧關係；友達以上戀人未滿,"We've been in a situationship for months, but we're not officially dating.",我們處於曖昧關係好幾個月了，但還沒正式交往。,
Skedaddle,(幽默) 趕快溜；逃跑,We'd better skedaddle before it starts raining.,我們最好在下雨前趕快溜。,
Skeleton Crew,骨幹人員；僅維持運作的最低人力,The office is running on a skeleton crew during the holidays.,假期間辦公室只留守最低限度的人力維持運作。,
Skew-whiff,歪斜的；不對勁的,That picture on the wall is a bit skew-whiff.,牆上那幅畫有點歪。,
Skibidi,(無意義的填充詞)；搞怪的；壞的,"My little brother keeps saying ""skibidi"" and I have no idea what it means.","我弟一直說 ""skibidi""，我根本不知道那是什麼意思。",
Slap-bang,恰好在...中間；猛地,He ran slap-bang into the glass door.,他猛地撞上了玻璃門。,
Slay,(俚語) 殺翻全場；表現極好,You looked amazing; you slayed that outfit!,你看起来太棒了，完全駕馭了那套服裝！,
Slow TV,慢電視 (長時間、無剪輯的實況節目),Watching a 7-hour train journey on Slow TV is surprisingly relaxing.,在慢電視上看7小時的火車旅程出乎意料地放鬆。,
Slow Walk,拖延；故意放慢速度 (處理某事),They seem to be slow-walking the negotiation process.,他們似乎在故意拖延談判進程。,
Small Change,零錢；微不足道的錢,The cost of the meal was small change to him.,這頓飯錢對他來說只是九牛一毛。,
Small Talk,閒聊；寒暄,I'm not good at small talk at parties.,我不擅長在派對上閒聊寒暄。,
Smash It,(俚語) 表現極佳；幹得漂亮,"Good luck on your test, you're going to smash it!",考試祝你好運，你一定會表現得很棒！,
Smombie,低頭族 (Smartphone Zombie),Watch out! That smombie is about to walk into a lamp post.,小心！那個低頭族快撞到路燈了。,
Snackable,(內容) 輕薄短小的；易於消化的,They create snackable video content for social media.,他們為社群媒體製作易於消化的短影音內容。,
Snap Up,搶購；迅速抓住 (機會),You should snap up that bargain before it's gone.,你應該趁那個特價品還在時趕快搶購。,
Snowflake,玻璃心；脆弱的人 (貶義),Don't be such a snowflake; it was just a joke.,別這麼玻璃心，那只是一個玩笑。,
So Done With,受夠了；不想再忍受,I am so done with this cold weather.,我受夠了這寒冷的天氣。,
Social Media Influencer,社群網紅；意見領袖,She works as a social media influencer promoting beauty products.,她的工作是社群網紅，推廣美妝產品。,
Soft Skills,軟實力 (溝通、社交等能力),Employers value soft skills like teamwork and communication.,雇主重視像團隊合作和溝通這樣的軟實力。,
Something To Chew On,值得深思的事,His speech gave us something to chew on.,他的演講給了我們一些值得深思的東西。,
Sound Out,試探；探口風,I'll sound him out to see if he's interested in the job.,我會去探探他的口風，看他對這份工作有沒有興趣。,
Speak Someone's Language,說到心坎裡；投其所好,"When you mentioned pizza, you were speaking my language.",當你提到披薩時，簡直是說到我心坎裡了。,
Spill The Tea,(俚語) 爆料；講八卦,"Come on, spill the tea! What happened on your date?",快點，爆料一下！你約會發生了什麼事？,
Spoiler Alert!,劇透預警,Spoiler alert! The hero dies at the end.,劇透預警！主角最後死了。,
Steal Someone's Thunder,搶風頭；搶功勞,I didn't want to announce my news and steal her thunder on her wedding day.,我不想在她的婚禮上宣布我的消息，搶了她的風頭。,
Step Into The Shoes,接替某人的位置；設身處地,It will be hard to step into the shoes of the previous manager.,要接替前任經理的位置將會很困難。,
Step On It,開快點；趕快,We're going to be late! Step on it!,我們要遲到了！開快點！,
Sticking Point,癥結；分歧點,Salary is the main sticking point in the negotiations.,薪資是談判中的主要癥結。,
Stir The Pot,煽風點火；搞事,He loves to stir the pot by spreading rumors.,他喜歡透過散播謠言來煽風點火。,
Stomping Ground,老地盤；常去的地方,This park used to be my old stomping ground when I was a kid.,這個公園是我小時候常來的老地盤。,
Suck It And See,試試看才知道,"I'm not sure if it will work, but let's suck it and see.",我不確定這有沒有用，但試試看就知道了。,
Take One For The Team,為了集體利益犧牲自己,"I didn't want to work late, but I took one for the team.",我不想加班，但為了團隊我還是犧牲了。,
Take Someone Under Your Wing,呵護某人；親自教導某人,The manager took the new intern under her wing.,經理將這位新實習生納入麾下親自指導。,
Take Something To Heart,往心裡去；認真對待 (批評/建議),Don't take his comments to heart; he was just joking.,別把他的評論往心裡去，他只是在開玩笑。,
Take The Biscuit,真是太過分了；令人無語 (貶義),"I've heard excuses before, but that one takes the biscuit.",我聽過藉口，但這個真是太扯了。,
Take The Plunge,下定決心；冒險一試,"After years of hesitation, they finally took the plunge and got married.",猶豫多年後，他們終於下定決心結婚了。,
Take The Rough With The Smooth,既來之則安之；逆來順受 (好壞都要接受),"In any job, you have to take the rough with the smooth.",在任何工作中，你都必須接受好的一面和壞的一面。,
Take The Wheel,掌舵；接手掌控,I'm too tired to drive; can you take the wheel?,我太累了開不動，你能接手掌舵嗎？,
Talk Shop,聊工作；談公事 (在非工作場合),"We're at a party, let's not talk shop.",我們在派對上，就別聊公事了吧。,
Talk The Talk,只會說不會做；嘴上功夫了得,"He can talk the talk, but can he walk the walk?",他嘴上說得頭頭是道，但他能付諸實行嗎？,
Talk Through Your Hat,胡說八道；信口開河,He doesn't know anything about cars; he's talking through his hat.,他根本不懂車，完全是在胡說八道。,
Teething Problems,初期困難；創業初期的磨合問題,"The new software had some teething problems, but it works fine now.",這套新軟體初期有些問題，但現在運作正常。,
Tell Me About It,可不是嗎；我還用你說 (表示深有同感),"Traffic is terrible today. ""Tell me about it, I've been stuck for an hour.""",「今天交通真糟。」「可不是嗎，我已經被卡了一個小時了。」,
Telling Porkies,撒謊；吹牛 (Porky pies = lies),Are you telling porkies again?,你又在撒謊了嗎？,
Thanks A Bunch,"(諷刺) 真是謝了；多謝你的""幫忙""",You left the door open? Thanks a bunch.,你把門開著？真是謝了喔。,
That'll Be The Day,那才怪呢；絕不可能有那天,He buying a round of drinks? That'll be the day!,他會請大家喝酒？絕不可能有那天！,
That'll Teach You!,給你一個教訓；活該,You got wet because you didn't bring an umbrella? That'll teach you!,你沒帶傘所以淋濕了？這下得到教訓了吧！,
That's On You,那是你的責任；怪你自己,"If you miss the deadline, that's on you.",如果你錯過了截止日期，那就是你自己的問題。,
The Best Of Both Worlds,兩全其美；魚與熊掌兼得,Working part-time gives me the best of both worlds: money and free time.,兼職工作讓我也能兩全其美：既有錢賺又有自由時間。,
The CEO Of,(俚語) ...之王；...大師,He is the CEO of arriving late.,他簡直是遲到大王。,
The Coast Is Clear,四下無人；沒有危險,The coast is clear; you can come out now.,四下無人，你現在可以出來了。,
The Flip Side,反面；另一方面,The flip side of living in the city is the noise.,住在城市的另一面缺點就是噪音。,
The Gift That Keeps On Giving,受益無窮的事物 (有時用於諷刺沒完沒了的麻煩),This subscription is the gift that keeps on giving; I get new content every month.,這個訂閱真是讓人受益無窮，我每個月都能獲得新內容。,
The Heat Is On,壓力來了；情況緊急,"The deadline is tomorrow, so the heat is on.",截止日期是明天，壓力來了。,
The Joke Is On You,小丑竟是你自己；自作自受,"You thought you tricked me, but the joke is on you.",你以為你騙到了我，結果小丑竟是你自己。,
The More The Merrier,人越多越好；多多益善,"Can I bring a friend? Sure, the more the merrier.",我可以帶朋友來嗎？當然，人越多越熱鬧。,
The Name Of The Game,關鍵；最重要的事,"In this industry, networking is the name of the game.",在這個行業，建立人脈是成功的關鍵。,
The Plot Thickens,案情/局勢變得撲朔迷離,The plot thickens! We just found a mysterious letter.,案情變得撲朔迷離了！我們剛發現一封神秘信件。,
The Royal Treatment,貴賓級待遇；盛情款待,"When we visited them, they gave us the royal treatment.",當我們去拜訪他們時，他們給予了我們貴賓級的款待。,
The Works,全套；什麼都加,"I'll have a hot dog with the works - mustard, ketchup, and onions.",我要一份加全套配料的熱狗——芥末、番茄醬和洋蔥都要。,
There's Nothing To It,很簡單；沒什麼難的,Using this machine is easy; there's nothing to it.,使用這台機器很容易，沒什麼難的。,
Thereby Hangs A Tale,說來話長 (背後有故事),"Why do I have this scar? Ah, thereby hangs a tale.",為什麼我有這道疤？唉，這說來話長。,
Thirsty,(俚語) 渴望關注；飢渴 (求讚/求愛),"Posting those photos is a bit thirsty, isn't it?",發那些照片有點太渴望博取關注了吧？,
Throw In The Towel,認輸；放棄,"After trying for hours, he finally threw in the towel.",嘗試了幾個小時後，他終於認輸放棄了。,
Throw One's Toys Out The Pram,(像小孩一樣) 發脾氣；無理取鬧,"When he didn't get his way, he threw his toys out the pram.",當事情不如他意時，他就像小孩一樣亂發脾氣。,
Throw Shade,(俚語) 含沙射影；暗諷,She was throwing shade at her rival in the interview.,她在訪談中暗諷她的競爭對手。,
Tiger Mother,虎媽 (嚴格教育子女的母親),Her tiger mother made her practice piano for four hours a day.,她的虎媽逼她每天練四小時鋼琴。,
To Be Fair,說句公道話；平心而論,"He was late, but to be fair, the traffic was terrible.",他是遲到了，但平心而論，交通真的很糟。,
To Blow The Cobwebs Away,提神醒腦；煥然一新 (通常指外出呼吸新鮮空氣),A walk on the beach will help blow the cobwebs away.,去海灘散散步有助於提神醒腦。,
To Cut A Long Story Short,長話短說,"To cut a long story short, we missed the flight.",長話短說，我們錯過了班機。,
To Cut Your Teeth,初試身手；獲得初步經驗,He cut his teeth in journalism working for a local paper.,他在一家地方報社工作，初試身手累積新聞經驗。,
To Fight Tooth And Nail,竭盡全力拚搏,She fought tooth and nail to keep custody of her children.,她為了保有孩子的監護權而竭盡全力拚搏。,
To Kick (Something) Into The Long Grass,束之高閣；無限期擱置 (問題等),The government decided to kick the proposal into the long grass.,政府決定將該提案無限期擱置。,
To Put Someone On The Map,讓...出名；讓...佔有一席之地,That movie really put the actor on the map.,那部電影真的讓這位演員一舉成名。,
To Shout It From The Rooftops,大聲宣揚；讓全世界知道,I'm so happy I want to shout it from the rooftops!,我太開心了，恨不得讓全世界都知道！,
To Vanish Into Thin Air,憑空消失；無影無蹤,The magician made the rabbit vanish into thin air.,魔術師讓兔子憑空消失了。,
Tone Deaf,搞不清楚狀況；不識相；(公關) 災難,His comments were completely tone deaf to the public mood.,他的評論完全沒搞清楚大眾的情緒。,
Top-notch,頂尖的；一流的,The service at this hotel is absolutely top-notch.,這家飯店的服務絕對是一流的。,
Touch Grass,(網路用語) 出去走走；回歸現實 (諷刺人沈迷網路),"You've been online all day, you need to go touch grass.",你整天都在上網，該出去走走回歸現實了。,
Tough It Out,硬著頭皮撐下去,"The training was hard, but he decided to tough it out.",訓練很艱苦，但他決定硬著頭皮撐下去。,
Tread On Someone's Toes,得罪人；侵犯他人權限,"I want to help, but I don't want to tread on anyone's toes.",我想幫忙，但我不想得罪人或越權。,
Tug At The Heartstrings,觸動心弦；令人感動,The movie's ending really tugged at the heartstrings.,電影的結局真的觸動了我的心弦。,
Turn Over A New Leaf,改過自新；展開新頁,"After the incident, he promised to turn over a new leaf.",事件過後，他承諾要改過自新。,
Twiddle Your Thumbs,無所事事；閒得發慌,I was just sitting there twiddling my thumbs waiting for the meeting to start.,我只是坐在那裡無所事事，等著會議開始。,
Twig,突然明白；頓悟,It took him a while to twig that we were planning a surprise party.,他過了好一陣子才突然明白我們在籌劃驚喜派對。,
Twist Someone's Arm,強迫；硬要某人做,"I didn't want to go, but he twisted my arm.",我本來不想去，但他硬要我去。,
Under Your Breath,小聲嘀咕；低聲說,He muttered something under his breath that I couldn't hear.,他低聲嘀咕了一些我聽不到的話。,
Up To My Eyes In,忙得不可開交；深陷於...,I'm up to my eyes in paperwork right now.,我現在被文書工作忙得不可開交。,
Up Your Game,提升表現；精進技能,You need to up your game if you want to win.,如果你想贏，就得提升你的表現。,
Vanilla,普通的；乏味的；保守的,His taste in music is very vanilla.,他的音樂品味非常普通乏味。,
Vibe,氛圍；感覺,This place has a really chill vibe.,這個地方的氛圍很放鬆。,
Waffle On,胡扯；喋喋不休 (講沒重點的話),Stop waffling on and get to the point.,別再胡扯了，講重點。,
Walk Someone Through,一步步引導；詳細解說,Can you walk me through the installation process?,你能一步步引導我完成安裝過程嗎？,
Warts And All,包含所有缺點；毫無保留,"I love him, warts and all.",我愛他的一切，包含他的所有缺點。,
Wet Weekend,掃興的人/事；沈悶的時光,His face was as miserable as a wet weekend.,他的臉色像陰雨的週末一樣悲慘/掃興。,
Whizz-kid,神童；天才少年,The company hired a computer whizz-kid to fix their security.,公司雇了一位電腦神童來修復他們的安全系統。,
Wiggle Room,迴旋餘地；彈性空間,The price is fixed; there is no wiggle room.,價格是固定的，沒有議價空間。,
Willy-nilly,隨意地；雜亂無章地,You can't just throw clothes into the suitcase willy-nilly.,你不能就這樣隨意地把衣服亂塞進手提箱。,
Win Hands Down,輕易獲勝；贏得輕鬆,Our team will win hands down if we play like this.,如果我們這樣打，絕對能輕易獲勝。,
Wing It,即興發揮；臨時抱佛腳,"I didn't prepare for the speech, so I'll just have to wing it.",我沒準備演講，所以只能即興發揮了。,
Wishy-washy,優柔寡斷；軟弱無力,Don't be so wishy-washy; pick a restaurant!,別這麼優柔寡斷，選一家餐廳吧！,
Woke,覺醒 (對社會正義議題)；政治正確,Some people criticize the new movie for being too woke.,有些人批評這部新電影太過政治正確。,
Workation,工作假期 (邊工作邊度假),I'm going on a workation to Bali next month.,下個月我要去峇里島邊工作邊度假。,
Yes And No,既是也不是；不完全是,"Are you happy? ""Yes and no; I like the job but the commute is long.""",「你開心嗎？」「既是也不是；我喜歡這份工作但通勤時間太長。」,
Yikes!,哎呀；糟糕 (表示震驚或擔憂),Yikes! Look at that price tag.,哎呀！看看那個價格標籤。,
YOLO,(俚語) 活在當下 (You Only Live Once),I bought the expensive shoes. YOLO!,我買了那雙昂貴的鞋子。人生只有一次嘛！,
You Can't Go Wrong With,選...準沒錯；...是安全牌,You can't go wrong with a classic black dress.,選經典的黑色洋裝準沒錯。,
You Couldn't Make It Up,真讓人難以置信 (荒謬得像編的一樣),The train was cancelled because of 'strong sunshine'. You couldn't make it up!,火車因為「陽光太強」而取消，真讓人難以置信！,
You Do You,做你自己 (隨你便),"I don't agree with your choice, but you do you.",我不認同你的選擇，但隨你便吧,做你自己高興的就好)。)
You Shouldn't Have,你太客氣了 (收禮時用),"Oh, flowers for me? You shouldn't have!",噢，送我的花？你太客氣了！,
Zhuzh,(俚語) 稍微修飾；讓...更有型 (通常說 zhuzh up),Let me just zhuzh up the cushions before the guests arrive.,客人在來之前，讓我把靠墊稍微整理得更有型一點。,
Zing,活力；刺激感,Adding some chili gives the dish a bit of zing.,加點辣椒讓這道菜多了一點刺激的風味。,
Zip It!,閉嘴,Zip it! I don't want to hear any more excuses.,閉嘴！我不想再聽任何藉口。,