Phrases,Meaning,English Sentence,Chinese Sentence
a great deal,很多,We need to spend a great deal of time planning the event.,我們需要花費大量的時間來規劃這次活動。
abide by,遵守,You must abide by the rules.,你必須遵守規則。
abstain from,戒除,She chose to abstain from voting on the controversial issue.,她選擇不參與對這個有爭議議題的投票。
account for,解釋,High inflation accounts for the rising cost of living.,高通膨是生活費用不斷上漲的原因。
across the board,全盤的、全面的,The new policy will apply across the board to all employees.,這項新政策將全面地適用於所有員工。
act as,充當；起作用,He acted as the spokesperson for the company.,他充當公司的發言人。
act on,根據⋯行事,We need to act on this information immediately.,我們需要立即根據這些信息行動。
add to,增加,The new discovery adds to our understanding of the universe.,這一新發現增加了我們對宇宙的理解。
add up,合計,The expenses for the trip quickly began to add up.,這次旅行的開支很快就開始累積起來。
adhere to,堅持、遵守,Please adhere to the safety regulations while working in the lab.,在實驗室工作時，請遵守安全規定。
aim at,針對；目的是,This program is aimed at improving students' skills.,這個計劃的目的是提高學生的技能。
all the way,自始至終,We walked all the way from the city center to the museum.,我們一路從市中心走到博物館。
all-out,用盡全力的,They launched an all-out effort to find the missing hiker.,他們展開了全面的努力來尋找失蹤的徒步旅行者。
answer for,對(某事物)負責,The coach must answer for the team’s poor performance.,教練必須為球隊表現不佳負責。
appeal to,吸引,The colorful packaging might appeal to younger consumers.,這種色彩繽紛的包裝可能會吸引年輕的消費者。
apply for,申請,She applied for a job at the new company.,她申請了這家新公司的工作。
approve of,贊成,Do you approve of their decision?,你贊成他們的決定嗎？
around the clock,日以繼夜,The shop is open around the clock.,這家店全天候開放。
as a result of,由於,As a result of the typhoon the flight is canceled.,由於颱風，航班被取消。
as for,至於,"As for the final decision, we will announce it next week.",至於最終的決定，我們將在下週宣布。
as of,到目前為止,The new schedule will be in effect as of next Monday.,新的時間表將自下週一起生效。
as opposed to,而不是...,We should focus on quality as opposed to quantity.,我們應該專注於質量，而不是數量。
as per,依照,The report was completed as per your instructions.,該報告已按照您的指示完成。
as well as,以及,Tom as well as his brother is an outstanding athlete.,Tom和他的兄弟都是傑出的運動員。
as yet,到目前為止,The full details of the plan are as yet unknown.,這項計畫的全部細節到目前為止仍是未知。
aside from,除了...之外,"Aside from his salary, he also receives an annual bonus.",除了他的薪水之外，他還會收到年終獎金。
ask after,問候,He asked after you at the party.,他在派對上問候了你。
ask for,尋求；要求,She asked for help with her homework.,她請求幫助做作業。
aspire to be,渴望,He aspires to be a professional musician someday.,他渴望有朝一日成為一名專業音樂家。
assist with,協助,The nurse will assist with the patient's physical therapy.,護士將協助病患進行物理治療。
assortment of,各式各樣的,The store sells an assortment of imported cheeses.,這家商店販賣各式各樣的進口起司。
at a glance,立刻,You can tell the quality of the product at a glance.,你可以一眼看出這個產品的品質。
at a stretch,連續地,I can work eight hours at a stretch without a break.,我可以連續工作八小時不休息。
at all costs,無論如何,We must finish this project at all costs before the deadline.,我們不惜一切代價必須在期限前完成這個專案。
at any cost,無論如何;不計代價,Dave wanted to save his son at any cost even at the risk of his own life.,Dave想要不惜一切代價挽救兒子，甚至冒著生命危險。
at any rate,無論如何,"The flight was delayed, but we arrived safely at any rate.",班機延誤了，但無論如何我們都安全抵達了。
at large,大致上,The suspect is still at large and should be considered dangerous.,這名嫌犯仍然在逃，應被視為危險人物。
at length,"最終, 詳盡地","At length, he agreed to the proposal.",最後，他同意了這個提議。
at most,至多,Our supply can last seven days at most.,我們的補給最多可以撐7天。
at once,立刻,Please send the documents to me at once.,請立刻把文件寄給我。
at the discretion of,由...裁定,The refund amount is at the discretion of the manager.,退款金額由經理決定。
attribute to,把...歸因於...,She attributes her success to hard work and luck.,她將自己的成功歸功於努力工作和運氣。
back down,退縮；讓步,He refused to back down in the face of opposition.,他拒絕在反對面前退縮。
back out,退出、反悔,"He promised to help, but then backed out at the last minute.",他答應要幫忙，但卻在最後一刻退出/反悔了。
back up,支持、倒退、堵塞,You should always back up your important files regularly.,你應該經常備份你的重要檔案。
bail out,保釋；幫助脫困,The government decided to bail out the struggling bank.,政府決定幫助那家陷入困境的銀行。
balance out (sth),抵銷(某物)；使(某物)相等,The exercise will help balance out the stress.,這項運動有助於平衡壓力。
bank on,依賴；指望,You can bank on him to get the job done.,你可以指望他完成這項工作。
bask in sth,沉浸於,She basked in the praise from her colleagues.,她沐浴在同事們的讚美中。
be about to,正要...,"The meeting is about to start, so please take your seats.",會議即將開始，請大家就座。
be addicted to,沈迷於...,Young people can easily be addicted to playing video games.,年輕人很容易沉迷於玩電動遊戲。
be affiliated with,隸屬於...,The local hospital is affiliated with a major university.,這家當地醫院隸屬於一所主要大學。
be associated with,和...有關聯,The symptoms are associated with a common cold.,這些症狀與普通感冒有關。
be aware of,知道,You should be aware of the risks before investing your money.,在投資你的資金之前，你應該意識到風險。
be based on,根據,This movie is based on a true story from the 1950s.,這部電影是根據一個1950年代的真實故事改編的。
be bound to,一定,"If you study hard, you are bound to pass the exam.",如果你努力學習，你一定會通過考試。
be capable of Ving,能夠,She is capable of finishing the task in half the time.,她有能力在一半的時間內完成這項任務。
be concerned about,擔心,Everyone is concerned about the negative impact of pollution.,每個人都擔心污染的負面影響。
be concerned with,和...有關,The research team is concerned with finding a cure for the disease.,研究團隊致力於尋找疾病的治療方法。
be critical if,對...不滿,The patient's condition will be critical if he doesn't receive immediate treatment.,如果他沒有得到立即治療，病人的情況將很危急。
be deprived of,被剝奪,The prisoners were deprived of their basic rights.,囚犯被剝奪了他們的基本權利。
be eligible for,有資格 、 合適,Only full-time students are eligible for the scholarship.,只有全日制學生才有資格獲得這項獎學金。
be entitled to,有資格 、 合適,Every employee is entitled to three weeks of paid vacation.,每位員工都有權享有三週的帶薪假期。
be familiar with,對...熟悉,"I am familiar with the software, but I'm not an expert.",我對這個軟體很熟悉，但還稱不上專家。
be fond of,喜歡,My grandfather is fond of telling stories about his youth.,我的祖父喜歡講述他年輕時的故事。
be geared to,適合,The training program is geared to the needs of beginners.,這個培訓計畫旨在滿足初學者的需求。
be in favor of,喜歡,I am in favor of protecting the local environment.,我贊成保護當地環境。
be inferior to,比...差,This new model is inferior to the older one in terms of battery life.,這個新型號在電池續航力方面不如舊型號。
be involved in,牽涉、參與,She is involved in several volunteer projects in the community.,她參與了社區中的好幾個志願者專案。
be irrelevant to,與...無關,His personal opinions are irrelevant to the scientific data.,他的個人意見與科學數據無關。
be obliged to V,被迫做...  ,We were obliged to wait in the lobby until the manager arrived.,我們被迫在等候區等待，直到經理到來。
be on track,在朝著目標的路上,We are on track to meet our sales target for the quarter.,我們正依計劃進行，有望達到本季度的銷售目標。
be open to,歡迎、接受,The manager is open to suggestions from the team.,經理樂於接受團隊的建議。
be opposed to Ving,反對 ,Many people are opposed to raising taxes this year.,許多人反對今年提高稅收。
be provided with,提供,Many kids are not provided with proper education.,許多孩子沒有得到適當的教育。
be qualified for,有資格 、 合適,She is qualified for the position thanks to her extensive experience.,由於她豐富的經驗，她有資格勝任這個職位。
be set to,預定做...,The company is set to launch its new product next month.,該公司準備在下個月推出其新產品。
be supposed to,應該,You are supposed to hand in your assignment by Friday.,你應該在週五前繳交你的作業。
be up for,欣然去做...,Are you up for a hike in the mountains this weekend?,你有興趣這個週末去爬山嗎？
be up late,熬夜 ,I was up late last night finishing the presentation.,我昨晚熬夜完成簡報。
bear down on,施壓；向⋯逼近,The storm is bearing down on the coast.,暴風雨正逼近海岸。
bear sth in mind,記住某事,Bear in mind that this is just a temporary solution.,請記住，這只是暫時的解決方案。
bear with,忍受,Please bear with us while we fix the technical issues.,我們在解決技術問題時，請您耐心等待。
bend over,彎腰,Please bend over and touch your toes for the exercise.,請彎下身觸摸你的腳趾來做這個練習。
blow A away,給A留下印象,The concert was fantastic; it completely blew me away.,這場音樂會太棒了，它徹底讓我感到震撼。
blow away,吹走；吹散,The breeze blew away the morning dew.,微風吹散了晨露。
blow off,吹走,The wind blew off Professor Drake’s papers.,風吹走Drake教授的文件。
blow one’s top,大發雷霆,The director blew his top when half of the performers were late for the rehearsal.,一半的表演者排演遲到，導演大發雷霆。
blow out,吹熄；熄滅,Grandfather blew out all seventy candles on his birthday cake.,爺爺吹熄了生日蛋糕上的七十支蠟燭。
blow over,消除；停息,The artist’s troubles finally blew over after all the lawsuits.,在一連串的官司後，這個藝術家的麻煩終於停息了。
blow up,爆發；突然發生；使爆炸,"If the storm blows up, the concert will be canceled.",如果突然發生暴風雨，音樂會就會取消。
boast about,自誇,She likes to boast about her high score on the test.,她喜歡吹噓她在考試中的高分。
boil down to,歸結為,It all boils down to money.,這一切都歸結為錢。
break around,開始,The waves began to break around the coral reef.,海浪開始在珊瑚礁附近沖擊。
break away,掙脫；脫離,The politician declared he had broken away from the party.,這個政治人物宣布他已脫離此政黨。
break down,故障 ,My car broke down on the way to work this morning.,我的車今天早上在上班途中拋錨了。
break in,闖入；插嘴,Someone broke in and stole the TV.,有人闖入偷走了電視。
break into,強行進入,He broke into the house through a window.,他從窗戶闖入房子。
break off,折斷；中斷,The US broke off diplomatic relations with R.O.C in 1978.,美國在1978年與中華民國斷交。
break one’s word,不守諾言,"Gill promised me to quit smoking, but he broke his word.",Gill答應我要戒菸，但他食言了。
break out,爆發；突然發生,Gary volunteered to go into the army when the war broke out.,戰爭爆發時Gary自願從軍。
break through,突破；強行穿過,These protesters attempted to break through police lines.,那些抗議者試圖強行穿過警戒線。
break up,瓦解；解散；（關係）破裂,The tennis club broke up just after a few months.,網球社幾個月後就解散了。
break up with sb.,與某人絕交,He broke up with his best friend because of a misunderstanding.,他因為誤會和最好的朋友絕交了。
break with,與某人斷交,"If he always takes advantage of you, it is correct to break with him.",如果他老是利用妳，和他斷交是正確的。
bring about,引起,The internet has brought about a huge change in communication.,網際網路帶來了通訊上的巨大變化。
bring along,帶來,Don't forget to bring along your ID card for the registration.,別忘了帶上你的身份證進行註冊。
bring back,帶回；恢復,Can you bring back some milk from the store?,你能從商店帶點牛奶回來嗎？
bring down,擊倒；降低,The scandal may bring down the government.,這場醜聞可能會擊垮政府。
bring forth,提出；產生,The latest book of Paul brought forth fantastic ideas.,Paul的新書提出了驚人的概念。
bring forward,提前提出,The meeting has been brought forward to Monday.,會議被提前到週一。
bring in,引進；賺取,The company plans to bring in new technology.,公司計劃引進新技術。
bring on,引起,The stress of the deadline brought on a terrible headache.,截止日期的壓力導致了一場嚴重的頭痛。
bring out,使出現;使顯示,Natural disasters can bring out the worst in people.,自然災害會給人們帶來最嚴重的後果。
bring sb./sth. back,送回某人／某事物,You have to bring the note back to me before the exam.,考試前你必須把筆記送回給我。
bring sth. off,把困難的事做成功,"To apply for admission to Harvard University is a task, but Karl brought it off.",申請進哈佛大學很困難，但是Karl做到了。
bring sth. out,發表；出版；使⋯顯現,The press will bring a new travel magazine out next month.,下個月出版社會發行新的旅遊雜誌。
bring up,撫養；提出,She brought up three children on her own.,她獨自撫養了三個孩子。
build on,建立在..基礎上,Success is built on good daily habits.,成功是建立在良好的日常習慣上。
build up,建立；增強,You need to build up your strength before the competition.,比賽前你需要增強體力。
burn down,燒毀,The old house was burned down last night.,那棟老房子昨晚被燒毀了。
burn out,筋疲力盡；燒壞,"If you work too hard, you might burn out.",如果工作太辛苦，你可能會筋疲力盡。
burst into,突然開始,She burst into tears when she heard the news.,她聽到消息後突然哭了起來。
burst out,突然⋯起來,He burst out laughing at the joke.,他聽到笑話後突然大笑起來。
by all means,當然可以、務必,"""May I use your phone?"" ""Yes, by all means.""",「我可以用一下你的電話嗎？」 「當然可以，務必。」
by and large,大體上，一般而言,"By and large, the project was a success.",總的來說，這個項目是成功的。
by any means,無論如何,We must reach our goal by any means necessary.,我們必須不擇任何手段達成目標。
by chance,,I met an old friend at the airport purely by chance.,我純粹是碰巧在機場遇到一位老朋友。
by means of,藉由,They communicate by means of electronic mail.,他們透過電子郵件進行交流。
by no means,一點也不,"Passing the exam is by no means guaranteed, even if you study.",即使你學習了，通過考試也絕非有保證。
by way of,碰巧、偶然,He first introduced himself by way of a short anecdote.,他先以一個簡短的軼事作為自我介紹。
call at,拜訪（某地）,I will call at your office if I get extra time.,如果我有額外的時間，我會去妳的辦公室。
call back,召回；回（電話）,The legislator called back his previous statement.,這位立法委員收回先前的聲明。
call down,要求；請求；嚴厲斥責,"Laura, the crippled girl, never calls down anybody’s help.",Laura，那個殘障的女孩，從不要求任何人幫忙。
call for,需要,The current economic crisis calls for immediate action.,當前的經濟危機需要立即採取行動。
call forth,喚起；使⋯產生,Difficulties can call forth one’s inner power and potential.,困境會喚起一個人的內在力量與潛力。
call in,延請（醫生、律師等）,The victim called in the police to investigate.,受害者延請警方調查。
call off,取消,The company decided to call off the outdoor event due to rain.,由於下雨，公司決定取消戶外活動。
call on,號召,The president will call on other nations to take action on climate change.,總統將呼籲其他國家對氣候變遷採取行動。
call on,號召；拜訪,The teacher called on her to answer the question.,老師請她回答問題。
call one’s attention,引起注意,The bargain price called my attention right away.,特價立刻引起我的注意。
call out,大聲喊叫,Wesley irritated the teacher by calling out the answer without permission.,Wesley 未經允許就大喊答案激怒了老師。
call up,打電話；召集,Sabrina’s calling up made him on top of the world.,Sabrina 的來電使他欣喜若狂。
calm down,冷靜,Please calm down and tell me what happened.,請冷靜下來，告訴我發生了什麼事。
care for,照顧；喜歡,She cares for her elderly parents.,她照顧年邁的父母。
carry away,使…忘形;使(興奮得)失去控制,He always reminds himself not to be carried away by success.,他總是提醒自己不要因成功而得意忘形。
carry off,贏得；奪走,She carried off the first prize in the competition.,她贏得了比賽的第一名。
carry on,繼續,Please carry on with your work while I take this call.,我接電話時，請你們繼續你們的工作。
carry out,執行,We need to carry out a detailed survey before making a decision.,在做出決定之前，我們需要執行/進行一次詳細的調查。
carry through,完成；實現,His determination carried him through the tough times.,他的決心讓他度過了艱難的時期。
carry weight,有影響力；有份量,His opinion carries a lot of weight in the community.,他的意見在社區中很有份量。
carve out,獲得,He managed to carve out a successful career in the competitive industry.,他成功地在這個競爭激烈的行業中開創了一番事業。
catch on,變得流行；理解,This new fashion is starting to catch on among teenagers.,這種新時尚正開始在青少年中流行起來。
catch one’s breath,喘口氣；屏住呼吸,"After running for ten minutes, he stopped to catch his breath.",跑了十分鐘後，他停下來喘口氣。
catch one’s eye,引起某人注意,The bright colors of the painting caught my eye.,這幅畫的鮮豔色彩引起了我的注意。
catch sight of,瞥見；看到,I caught sight of an eagle soaring high above.,我瞥見一隻老鷹在高空翱翔。
catch up,趕上,I need to study hard to catch up with the rest of the class.,我需要努力學習才能趕上班上其他同學。
catch up,趕上；追上,You go ahead; I’ll catch up with you later.,你先走，我待會追上你。
caution against,告誡、提醒,The police cautioned against traveling alone at night.,警方告誡不要在夜間獨自旅行。
check in,登記入住,We need to check in at the hotel by 3 PM.,我們需要在下午3點前辦理酒店入住手續。
check out,結帳；檢查,Don't forget to check out before you leave.,離開前不要忘記結帳。
check up on,督促,The teacher promised to check up on the student's progress.,老師承諾會檢查學生的進度。
cheer up,使高興；振作,Let's cheer up and enjoy the party.,讓我們振作起來享受派對吧。
clean up,打掃,We need to clean up the room before the guests arrive.,在客人到來之前，我們需要打掃房間。
clean up after,解決…製造的問題,You are an adult. You should learn to clean up after yourself.,你是個大人。 您應該學會解決自己製造的問題。
clear up,清理；解決,We need to clear up the misunderstanding.,我們需要解決誤會。
close down,關閉；倒閉,The store will close down at the end of the month.,這家店將在月底關閉。
coincide with,和...同時發生,Her birthday often coincides with the national holiday.,她的生日經常與國定假日重合。
come about,發生,The witness is describing how the murder came about.,目擊證人正在描述凶殺案是怎麼發生的。
come across,偶然發現 ,I came across a fascinating article while browsing the web.,我在瀏覽網頁時偶然發現一篇引人入勝的文章。
come after,窮追不捨;追趕,Jack will be coming after me if I don't return the money next week.,如果我下週不還錢，傑克就會來找我算帳。
come along,發展、進行、跟隨,We are planning a trip to the beach; would you like to come along?,我們正在計劃去海灘旅行，你願意一起去嗎？
come apart,破碎,The old book was so fragile that it started to come apart.,這本舊書非常脆弱，開始散開/解體了。
come around,讓步、改變立場,"He fainted, but soon came around after a few minutes.",他暈倒了，但在幾分鐘後很快就甦醒了。
come back,回來,When will you come back from your trip?,你什麼時候從旅行中回來？
come by,經過；得到,I wonder how he came by such a luxurious house.,我很想知道他是如何得到這麼豪華的房子。
come down,下降；流傳,The price of oil has come down recently.,最近油價下降了。
come down on/upon,斥責,He never comes down on his children except (that) they bring shame on their family.,他從不斥責他的孩子，除非他們讓家族蒙羞。
come down with,罹患,I think I'm starting to come down with the flu.,我想我開始患上流感了。
come forth,出現,"Despite all the recommendation, nothing special came forth in this concert.",儘管受到推薦，但這場音樂會並無特別之處。
come forward,自告奮勇；站出來,Several witnesses came forward with information.,幾位目擊者站出來提供信息。
come in,進來,Please come in and have a seat.,請進來坐。
come in for,遭受（譴責）,The policy came in for a great deal of criticism.,這個政策遭受許多批評。
come into,繼承；得到,She came into a large fortune when her aunt passed away.,她在姑姑去世後繼承了一大筆財產。
come into effect,生效,The new traffic regulations will come into effect next month.,新的交通法規將於下個月開始生效。
come off,掉落；脫落,The white paint on the wall has come off with time passing.,隨著時光流逝，牆上白色的油漆已脫落。
come off sth,停用（毒品、酒精等）,The paint is coming off the wall.,牆上的油漆正在脫落。
come on,開始；快點,"Come on, we are going to be late.",快點，我們要遲到了。
come out,出現；（花）開；發（芽）,The scene of all the roses coming out in the garden is spectacular.,花園裡所有玫瑰盛開的畫面很壯觀。
come over,突然感到...,Why don't you come over to my place for dinner tonight?,你今晚何不過來我家吃晚餐呢？
come to,總計；甦醒,The bill comes to $50.,賬單總計50美元。
come to an end,結束；停止；用盡,The semester will come to an end next week.,學期將在下週結束。
come up,發生；出現,Something urgent has come up.,有緊急的事發生了。
come up with,提出,We need to come up with a better strategy for the next quarter.,我們需要想出一個更好的下季度戰略。
compatible with,和...相容,This printer is compatible with most operating systems.,這台印表機與大多數作業系統相容。
compete for,競爭,Ten teams will compete for one spot to advance to the Koshien.,十支球隊將爭奪一個進入甲子園的名額。
complete with,包含,"The room was furnished, complete with a desk and a chair.",這個房間配有家具，連同一張書桌和一把椅子在內。
contend with,對付,The firefighters had to contend with strong winds during the blaze.,消防員在火災期間必須應付強風。
contrary to,與…相反,Contrary to the popular belief the author believes that vulnerability is actually a strength.,與主流的看法相反，作者認為脆弱實際上是一種力量。
cool off,使涼快；冷靜下來,Let's go inside and cool off.,讓我們進去冷靜一下。
cope with,處理,Jack found it difficult to cope with two babies at the same time.,Jack發現同時應付兩個嬰兒很困難。
correspond with,相稱,My actions must correspond with my words.,我的行為必須與我的言語一致。
count on,依靠,You can count on me to help you move this weekend.,你可以指望我這個週末幫你搬家。
cover letter,求職信,Please attach a cover letter along with your resume.,請在您的履歷表上附上求職信。
cover up,掩蓋；遮蓋,He tried to cover up his mistakes.,他試圖掩蓋他的錯誤。
cross one’s leg,翹腳,She sat down and elegantly crossed her legs.,她坐下來，優雅地翹著二郎腿。
cross out,劃掉,Please cross out the wrong words.,請劃掉錯誤的單詞。
culminate in,以...告終,Months of planning will culminate in a grand concert next week.,數月的策劃將在下週以一場盛大的音樂會告終。
curve ball,騙局、意料之外,The interviewer suddenly threw me a curve ball question.,面試官突然向我提出了一個出乎意料的問題。
cut back,削減、減少,We need to cut back on our spending to save money.,我們需要減少開支以省錢。
cut down,砍伐；減少,The company plans to cut down on its carbon emissions.,公司計劃減少碳排放。
cut in,插嘴,The driver abruptly cut in ahead of the other cars.,那位司機突然插隊/切入到其他車輛前面。
cut into,切入、侵入,Don't let your personal life cut into your work time.,不要讓你的私人生活侵佔/縮短你的工作時間。
cut off,切斷；中斷,The village was cut off by the heavy snow.,這個村莊被大雪隔絕了。
cut out,切除；停止,The doctor advised him to cut out fatty foods.,醫生建議他停止食用高脂食物。
cut through,穿過；迅速理解,We cut through the park to save time.,我們穿過公園以節省時間。
cut to the chase,開門見山,Stop wasting time and just cut to the chase.,別浪費時間了，直接切入正題吧。
cutting-edge,先進的,They use cutting-edge technology to design their products.,他們使用尖端技術來設計他們的產品。
deal with,處理;對付,We need to deal with this issue before it gets worse.,我們需要在問題惡化之前處理它。
defer to sb/sth,"聽從,遵從,服從",I defer to my manager’s decision on this matter.,在這個問題上，我聽從經理的決定。
deprive of,剝奪  ,"Misspelled, corrected to deprive of",拼寫錯誤，已更正為 deprive of
deprive sb/sth of sth,從...剝奪某物,The new law will deprive many people of their right to vote.,新法律將剝奪許多人投票的權利。
die down,逐漸平息，漸漸減弱,The noise died down after a few minutes.,幾分鐘後噪音平息了。
dispute over,爭論,The two companies are in a dispute over the patent rights.,這兩家公司正在爭論專利權的歸屬。
divided into,把...分開,The book is divided into three main sections.,這本書被劃分為三個主要部分。
do away with,廢除；取消,The government plans to do away with the old regulations.,政府計劃廢除舊法規。
do one’s utmost,盡全力,We promised to do our utmost to complete the task successfully.,我們承諾盡力成功完成任務。
do up,整理；修繕,They are doing up their old house.,他們正在修繕他們的老房子。
do without,不用；設法應付,We can’t do without a car in this city.,在這個城市我們不能沒有車。
dotted line,虛線,Please sign your name on the dotted line at the bottom of the page.,請在頁面底部的虛線上簽名。
doze off,打瞌睡；打盹,He dozed off during the meeting.,他在會議期間打瞌睡了。
draw back,退後；撤退,She drew back in fear when she saw the snake.,她看到蛇時嚇得退後。
draw near,接近,"As the deadline drew near, the team worked late every night.",隨著截止日期臨近，團隊每晚都工作到很晚。
draw on,利用、依靠,She had to draw on all her experience to solve the problem.,她必須利用她所有的經驗來解決這個問題。
draw up,制定,The lawyers will draw up the contract and send it over.,律師們將會草擬合約並發送過來。
dress up,盛裝打扮,They dressed up for the party.,他們為了派對盛裝打扮。
drink to,為⋯乾杯,Let’s drink to their happiness.,讓我們為他們的幸福乾杯。
drive at,意指,What are you driving at with this question?,你問這個問題的用意是什麼？
drop by,順道拜訪 ,I'll drop by the office later to pick up the documents.,我稍後會順道去辦公室拿文件。
drop in,看望,Feel free to drop in for a cup of coffee anytime.,隨時都可以順道拜訪喝杯咖啡。
drop out,輟學；退出,He dropped out of college to start his own business.,他輟學創辦自己的公司。
drum up,召集；激起,They are trying to drum up support for the new policy.,他們試圖為新政策召集支持。
due to,因為,The match was cancelled due to the rain.,比賽由於下雨而取消。
dust off,"溫習,復習",She dusted off her old recipes and started cooking again.,她拿出了她的老食譜，開始重新做飯。
emerged as,出現,The young candidate emerged as the clear winner of the debate.,這位年輕的候選人成為辯論的明顯勝利者。
engage in,從事,They engage in heated debates about politics every weekend.,他們每週末都參與關於政治的激烈辯論。
entrust with,委託...處理,I was entrusted with the secret information by the manager.,經理委託我處理這些機密資訊。
every so often,偶爾，有時候,"Every so often, I like to go hiking.",我偶爾喜歡去遠足。
excel in,擅長,She doesn't just pass; she truly excels in mathematics.,她不只是及格，她在數學方面真正表現出色。
except for,除了…以外,This place is quite cozy except for the smell.,除了氣味之外，這個地方很舒適。
exchange rate,匯率,The exchange rate between the dollar and the euro fluctuates daily.,美元和歐元之間的匯率每天都在波動。
excuse from,允許離開,The doctor excused her from physical education class due to an injury.,醫生因為受傷准許她免於體育課。
exert oneself,竭力，盡力,He exerted himself to lift the heavy box.,他使出全力搬起那個沉重的箱子。
factor in,考慮,We must factor in the unexpected delays when setting the schedule.,設定時間表時，我們必須把意外延遲考慮進去。
fall apart,破裂；崩潰,The old book fell apart in my hands.,這本老書在我手中破裂了。
fall behind,無法配合、跟不上,"If you miss too many classes, you will fall behind in your studies.",如果你錯過太多課程，你的學業就會落後。
fall for,愛上；上當,She fell for his charming smile.,她愛上了他迷人的笑容。
fall off,減少；下降,Sales have fallen off recently.,最近銷售額下降了。
fall out,吵架；掉落,They had a big fall out over money.,他們因為錢吵了一架。
fall through,落空；失敗,Our plans fell through at the last minute.,我們的計劃在最後一刻落空了。
fall under,屬於...的範圍,This type of crime falls under the jurisdiction of the federal court.,這類犯罪屬於聯邦法院的管轄範圍。
fall within,屬於...的範圍,This expense falls within the guidelines set by the budget.,這筆開支屬於預算設定的指導範圍內。
far from,遠離;遠遠不,We finished the project on time but the boss was far from satisfied.,我們按時完成了項目，但老闆並不滿意。
figure out,弄清楚;理解,It took me a while to figure out what he was trying to say.,我花了一段時間才弄清楚他在說什麼。
fill in,填寫、代班,Can you fill in this application form for the membership?,你能填寫這份會員申請表嗎？
fill in on,提供詳情給...,I missed the meeting; can you fill me in on what was discussed?,我錯過了會議；你能向我提供/告知討論的內容嗎？
fill out,填寫（表格等）,You need to fill out this application form.,你需要填寫這張申請表。
fill up,填滿；充滿,She filled up the tank with gas.,她把油箱加滿了油。
find out,發現；查明,I need to find out who did this.,我需要查明是誰幹的。
fit in,適應；融入,She tries to fit in with her new classmates.,她努力適應新同學。
fix sb with a (...) look,(以...的眼神)盯著某人看,She fixed him with a stern look.,她用嚴厲的目光注視著他。
fix up,修理；安排,They fixed up the old house.,他們修理了那棟老房子。
for the sake of,為了...的緣故,She did it for the sake of her family.,她這麼做是為了她的家人。
free of,免除;擺脫,The article is free of grammar errors after a few revisions.,這篇文章在經過幾次修改後已沒有文法錯誤。
furnish with,向...提供,The landlord agreed to furnish the apartment with new appliances.,房東同意為公寓提供新的電器。
gather up,收拾,He needed to gather up his courage before asking her out.,他需要鼓起勇氣才能約她出去。
gaze into,凝視,"The couple sat by the fire, gazing into each other's eyes.",這對情侶坐在爐火旁，凝視著彼此的眼睛。
gear up for,為...做準備,We are gearing up for the biggest sale of the year next month.,我們正在為下個月一年中最大的特賣會做準備。
get across,使⋯被理解,It's hard to get your point across.,很難讓人理解你的觀點。
get ahead,取得進展；成功,He works hard to get ahead in his career.,他努力工作以在職業上取得進展。
get along,相處融洽；進展,They seem to get along well.,他們似乎相處得很好。
get along with,與…相處融洽,Do you get along with your coworkers?,你和你的同事相處融洽嗎？
get around,到處走動；避開,She gets around with the help of a walker.,她靠助行器到處走動。
get away,逃脫；離開,We need to get away for a few days.,我們需要出去幾天。
get away with,做（錯事）而未被懲罰,The man got away with the robbery and fled to Mexico.,該名男子搶劫後逃往墨西哥。
get back,回來；取回,I hope to get back to work soon.,我希望能很快回來工作。
get back to,接著做...、回電,"I'm busy right now, but I will get back to you after lunch.",我現在很忙，但我午飯後會回覆你。
get done,結束;完成,The report has to get done by the deadline.,該報告必須在截止日期之前完成。
get down,下來；寫下；使沮喪,He got down the main points of the lecture.,他記下了講座的主要內容。
get in,進入；到達；收穫,What time did you get in last night?,你昨晚幾點到的？
get in the way of,妨礙、介入,Don't let minor issues get in the way of achieving your main goal.,不要讓小問題妨礙你達成主要目標。
get into,加入、參與、對...感興趣,I'm trying to get into the habit of waking up earlier.,我正試圖養成早點起床的習慣。
get lost,滾開,I won’t buy anything from you so get lost!,我不會向你購買任何東西，所以滾開！
get off,離開,We should get off by 8:00 so that we can catch our flight home.,我們應該在8點之前離開，這樣我們才能趕上回家的班機。
get on,上車；進展；相處融洽,How are you getting on with your work?,你的工作進展如何？
get out,出去；離開；洩露,We need to get out of here immediately.,我們需要馬上離開這裡。
get out of one’s way,努力、費心,"If you can't help, at least get out of my way.",如果你不能幫忙，至少別擋我的路。
get over,克服,It took her a long time to get over the disappointment of losing.,她花了好長一段時間才從失敗的失望中恢復過來。
get rid of,擺脫、丟掉,It's time to get rid of all these old clothes we never wear.,是時候擺脫所有這些我們從不穿的舊衣服了。
get word,收到通知,We got word that the shipment has finally arrived.,我們得到消息說貨物終於到了。
give away,贈送、洩漏,The store decided to give away free samples to attract customers.,商店決定贈送免費樣品來吸引顧客。
give in,屈服；讓步,"After hours of argument, he finally gave in.",爭論了幾個小時後，他終於讓步了。
give off,發出；釋放,The flowers give off a wonderful scent.,這些花散發出美妙的香味。
give out,分發；用完,They were giving out free samples at the store.,他們在商店裡分發免費樣品。
give out sth,分發某物，分送某物,They gave out free samples at the event.,他們在活動上發放免費樣品。
give up,放棄；交出,He decided to give up smoking.,他決定戒煙。
give way,讓步；倒塌,The bridge gave way under the weight of the truck.,橋在卡車的重量下倒塌了。
give way to,對...讓步,"After years of resistance, the old building had to give way to a skyscraper.",經過多年的抵抗，這座舊建築不得不讓位給一座摩天大樓。
glance at,快速閱讀,She took a quick glance at the clock before the meeting started.,在會議開始前，她快速地瞥了一眼時鐘。
go about,進行；處理,How should we go about solving this problem?,我們應該如何解決這個問題？
go after,追求；追趕,She decided to go after her dreams.,她決定追求她的夢想。
go against,反對；違背,He went against his parents' wishes.,他違背了父母的意願。
go ahead,繼續；進行,You can go ahead with your plan.,你可以繼續你的計劃。
go along,同意；進展,I decided to go along with her idea.,我決定同意她的想法。
go away,離開；消失,Please go away and leave me alone.,請走開，讓我一個人靜一靜。
go back,回去；回到,I want to go back to my hometown.,我想回我的家鄉。
go back and forth,來來回回,They spent hours going back and forth before settling on a price.,他們來回討論了好幾個小時才敲定價格。
go by,經過；遵循,Time goes by so quickly.,時間過得真快。
go down,"被記載,被寫下；落下,西沉",The sun went down behind the mountains.,太陽落在山後。
go for,選擇；攻擊,I think I’ll go for the steak.,我想我要選牛排。
go forward with,進行,"Despite the risks, they decided to go forward with the investment.",儘管有風險，他們仍決定進行這項投資。
go in for,參加；從事,She decided to go in for the singing competition.,她決定參加歌唱比賽。
go into,進入；研究,We need to go into the details of the plan.,我們需要研究計劃的細節。
go live,順利運作,The new website is scheduled to go live at midnight.,新網站定於午夜上線/啟用。
go off,爆炸；響起；離開,The bomb could go off at any moment.,炸彈隨時可能爆炸。
go on,繼續；發生,Please go on with your story.,請繼續講你的故事。
go out,出去；熄滅,The lights went out suddenly.,燈突然熄滅了。
go over,檢討、檢查,Let's go over the main points of the agreement one last time.,讓我們最後一次仔細檢查/複習協議的要點。
go through,經歷；穿過,She had to go through a lot of hardships.,她經歷了許多艱難。
go to extremes,採取極端的手段,She tends to go to extremes when she's passionate about something.,當她對某事充滿熱情時，她往往會走極端。
go to great lengths,竭盡全力;全力以赴,We go to great lengths to make sure you are always comfortable in our hotel.,我們竭盡全力確保您在我們的飯店中總是感到舒適。
go toward,有助於...,A large part of the collected funds will go toward building the new school.,收集到的資金很大一部分將用於建造新學校。
go viral,爆紅 瘋傳,The video went viral within hours of being posted.,這個影片在發布後幾小時內就迅速傳播開來。
go with,搭配；陪伴,This wine goes well with seafood.,這款酒很配海鮮。
go without,沒有⋯也行；省掉,We had to go without lunch to finish the work.,我們不得不省掉午餐來完成工作。
go without saying (that),不用說，顯而易見,It goes without saying that you should apologize.,不言而喻，你應該道歉。
grow into sth,漸漸成為,The child has grown into a confident young adult.,這個孩子已經成長為自信的年輕人。
hand down,傳下；宣布,The tradition has been handed down for generations.,這個傳統已經傳了好幾代。
hand in,繳交；提交,Please hand in your assignment by Friday.,請在星期五前繳交你的作業。
hand out,分發；散發,They handed out leaflets at the event.,他們在活動上分發了傳單。
hand over,移交；交出,He handed over the keys to the new owner.,他把鑰匙交給了新主人。
hang on,等一下,Hang on a second let me go check.,稍等，讓我去檢查一下。
hang out,閒逛；掛出,They like to hang out at the mall.,他們喜歡在商場閒逛。
hang up,掛斷電話；掛起,She hung up before I could reply.,我還沒來得及回答，她就掛斷了電話。
have on,穿著；戴著,What are you going to have on for the party?,你打算穿什麼去派對？
have to do with,與⋯有關,Does this have to do with what we discussed earlier?,這和我們之前討論的有關嗎？
hear from,收到⋯的消息,I haven’t heard from her in weeks.,我好幾週沒收到她的消息了。
hear of,聽說；知道,Have you heard of this new movie?,你聽說過這部新電影嗎？
hint at,暗示,The politician hinted at possible changes to the tax law.,這位政治家暗示了稅法可能會有變化。
hit on,突然想到；碰巧發現,I hit on a great idea while taking a shower.,我在洗澡時突然想到一個好主意。
hit shelves,上市,The latest novel will hit shelves next Tuesday.,這本最新的小說將於下週二上市。
hit the road,出發,It's getting late; we should hit the road before it gets dark.,天色已晚，我們應該在天黑前上路/出發。
hit the store,發售,Shoppers rushed to hit the store on Black Friday.,顧客們在黑色星期五衝進商店/商場。
hold back,阻礙；抑制,She couldn’t hold back her tears.,她無法抑制淚水。
hold in store,存放;等待,"Whatever life holds in store for me I will never forget these words: ""With great power comes great responsibility.""",無論未來有什麼在等著我，我永遠不會忘記這句話：能力越強，責任越大。
hold off on,推遲、延期,We should hold off on making a decision until all the data is in.,在所有數據出爐之前，我們應該暫緩做出決定。
hold on,堅持、維持,Please hold on a moment while I transfer your call.,請稍等一下，我正在為您轉接電話。
hold up,舉起；耽擱,The traffic was held up by an accident.,交通因事故而被耽擱。
hook (sth/sb) up to sth,將...連接到某物,Can you hook the printer up to my computer?,你能把打印機連接到我的電腦上嗎？
impose on,強加於...,The government decided to impose a new tax on luxury goods.,政府決定對奢侈品徵收新稅。
in a bind,為難、處於困境,I'm in a bind because I promised two friends I'd help them both today.,我現在左右為難/處境困難，因為我答應了今天同時幫兩位朋友的忙。
in a row,連續，接連,He won the race three times in a row.,他連續三次贏得了比賽。
in a rush,匆忙,She left quickly because she was in a rush to catch the train.,她匆忙離開，因為她趕著搭火車。
in a search for,尋找,The police officer is in a search for the missing watch.,警察正在尋找遺失的手錶。
in a sense,從某種意義上說,"In a sense, he was right.",在某種意義上，他是對的。
in accordance with,與...一致、符合,All procedures must be followed in accordance with the law.,所有程序都必須依照法律執行。
in association with,和...聯合,The concert was organized in association with a local charity.,這次音樂會是與一家當地慈善機構合作舉辦的。
in brief,簡而言之,"In brief, the meeting was a success.",簡而言之，會議很成功。
in case,萬一,"Take an umbrella, in case it rains later.",帶把傘，以防待會兒下雨。
in case of,如果、在...的情況下,"In case of fire, use the stairs, not the elevator.",如果發生火災，請走樓梯，不要搭電梯。
in case of,以防萬一,She took an umbrella in case of rain.,她帶著傘，以防萬一下雨
in comparison with,和...相比,"In comparison with last year, sales have increased by 20%.",與去年相比，銷售額增長了20%。
in contrast,相反地,Tim is tall. In contrast his brother is short.,Tim個子高。 相反地，他的兄弟很矮。
in debt,負債,The company is deep in debt after the failed expansion.,在擴張失敗後，這家公司負債累累。
in depth,徹底地、深深地,The report analyzed the market trends in depth.,該報告深入地分析了市場趨勢。
in due time,不久後、到時候,"You will receive your promotion in due time, so be patient.",你遲早會得到晉升的，所以請耐心等待。
in favor of,支持、 有利於...  ,The committee voted in favor of the proposal.,委員會投票贊成該提案。
in keeping with,與...一致、符合,The design is in keeping with the traditional style of the building.,該設計與建築物的傳統風格保持一致。
in light of,考慮到...,"In light of the recent findings, we must revise our hypothesis.",鑑於最近的發現，我們必須修改我們的假設。
in line with,與...一致、符合,The new rules are in line with international safety standards.,新規則與國際安全標準一致。
in no time,立刻,He finished the entire marathon in no time because he trained hard.,因為訓練有素，他很快地就完成了整個馬拉松。
in observance of,紀念,The bank will be closed tomorrow in observance of the national holiday.,銀行明天將為慶祝/遵守國定假日而關閉。
in other words,換句話說,“I have to take a bath now” she texted. In other words she doesn’t want to talk to you.,她發訊息說：“我現在必須洗個澡。” 換句話說，她不想和你說話。
in reference to,關於,I am calling in reference to the job advertisement I saw online.,我打電話是關於/提及我在網上看到的招聘廣告。
in regards to,關於,"In regards to your recent application, we have some good news.",關於您最近的申請，我們有一些好消息。
in relation to,關於、和...相關,We need to discuss the project budget in relation to the timeline.,我們需要討論項目預算與時間表的關係。
in response to,回應,The company issued a statement in response to the media criticism.,該公司回應媒體的批評發表了一份聲明。
in shape,健康,He exercises regularly to stay in shape.,他經常運動以保持健康。
in spite of,儘管,"In spite of the bad weather, the outdoor concert went ahead.",儘管/不顧惡劣的天氣，戶外音樂會還是照常舉行了。
in talk with,協議中的,The CEO is currently in talk with potential investors.,執行長目前正與潛在投資者進行談判。
in terms of,就...來說,"In terms of profitability, this quarter was our best ever.",就盈利能力而言，本季度是我們有史以來最好的一次。
in the distance,在遠處,We could see a small house in the distance.,我們能看到遠處有一座小房子。
in the event that,如果、在...的情況下,"In the event that the power goes out, we have emergency lights.",萬一/如果停電，我們有緊急照明。
in the face of sth,面臨(危險、困難的)情形,She remained calm in the face of danger.,面對危險，她保持冷靜。
in the works,正在討論的,A new plan for improving public transportation is in the works.,一項改善公共交通的新計劃正在進行中。
in this regard,在這方面,"Our product is the best; in this regard, our competitors cannot compare.",我們的產品是最好的；在這方面，我們的競爭對手無法與之相比。
in turn,輪流,"The rain created mud, which in turn caused traffic delays.",雨水造成了泥濘，這接著又導致了交通延誤。
in view of,考慮到...,"In view of the economic slowdown, we must cut costs.",考慮到經濟放緩，我們必須削減成本。
indulge in,沈迷於,"After the diet, I decided to indulge in a huge piece of cake.",節食之後，我決定盡情享受一大塊蛋糕。
inflict on,使...遭受,The hurricane inflicted severe damage on the coastal towns.,颶風對沿海城鎮造成了嚴重的破壞。
iron out,解決、消除,We need to meet and iron out the final details of the contract.,我們需要見面並解決合約的最後細節。
join hands (with sb),(與某人)拉起手；(與某人)攜手合作,The two companies decided to join hands in the project.,這兩家公司決定在這個項目上聯手合作。
join with sb (in doing sth),和某人一起參加(某事),We should join with them in their efforts to clean up the park.,我們應該和他們一起努力清理公園。
jot down,匆忙記下,I need to jot down these notes before I forget them.,我需要快速記下這些筆記，以免忘記。
keep A in the loop,持續告知A最新消息,Please keep me in the loop regarding any changes to the project.,關於專案的任何變動，請隨時告知我最新消息。
keep an eye on,照看；留意,Can you keep an eye on my bag while I go to the restroom?,我去洗手間時，你能幫我看一下包嗎？
keep at,堅持；繼續,You need to keep at it if you want to succeed.,如果你想成功，你需要堅持。
keep away,避開；遠離,Keep away from the edge of the cliff.,遠離懸崖邊緣。
keep in touch,保持聯繫,Even though we are far apart we can still keep in touch through emails.,儘管我們相隔遙遠，我們仍然可以通過電子郵件保持聯繫。
keep off,避免;使…不接近,They put up a fence to keep off the dogs.,他們豎起了一個柵欄，以防止狗接近。
keep on,繼續,She kept on working despite the difficulties.,儘管有困難，她還是繼續工作。
keep out,不讓進入,Keep out of the construction area.,不要進入施工區域。
keep sb. posted,持續告知某人最新消息,I'll call you later to keep you posted on the negotiation results.,我晚點會打電話給你，隨時讓你知情談判結果。
keep to,遵守；堅持,You must keep to the rules.,你必須遵守規則。
keep up,跟得上,It's difficult to keep up with the pace of technological change.,要跟上技術變革的步伐是很困難的。
keep up with,跟得上,It's hard to keep up with the latest trends in fashion.,很難跟上最新的時尚潮流。
kick off,開始；開球,The football match will kick off at 3 PM.,足球比賽將在下午3點開始。
knock down,撞倒,They plan to knock down the old factory and build apartments.,他們計劃拆除舊工廠並建造公寓。
knock out,擊倒；淘汰,He was knocked out in the first round of the competition.,他在比賽的第一輪就被淘汰了。
know of,知道；聽說過,Do you know of any good restaurants around here?,你知道這附近有什麼好餐廳嗎？
lay the foundation,奠定基礎,The early research helped to lay the foundation for future scientific discoveries.,早期的研究有助於為未來的科學發現奠定基礎。
lead to,導致,Smoking leads to bad breath and stained teeth.,吸煙會導致口臭和牙齒弄髒。
leave A up to B,把A交給B處理,I'll leave the decision up to the manager.,我會把決定交給經理來處理。
leave A with B,把A交給B處理,Can you leave the keys with the receptionist when you check out?,你退房時能把鑰匙留在接待員那裡嗎？
leave out,遺漏；忽略,You left out the most important part of the story.,你遺漏了故事中最重要的部分。
lecture on,教訓,The professor will lecture on modern history tomorrow.,教授明天將講授現代歷史。
let alone,更不必說,She doesn’t want to chat with you online let alone going out with you.,她不想在線上跟你聊天，更不用說跟你外出了。
let down,辜負；使失望,I promise I won't let you down.,我保證我不會讓你失望。
let in,讓⋯進入,She opened the door to let in some fresh air.,她打開門讓新鮮空氣進來。
let off,放過；寬恕,The judge let him off with a warning.,法官給了他一個警告就放過他了。
let on,洩漏；透露,Don't let on that you know about the surprise party.,不要透露你知道驚喜派對的事情。
let up,減弱；停止,The rain finally let up after three days.,雨下了三天後終於停了。
line up with,一致,His story doesn't line up with the facts presented in the report.,他的說法與報告中提出的事實不一致。
live out sth,實現某事,He wants to live out his days in the countryside.,他想在鄉下度過他的餘生。
live up to,實踐、符合,The new movie didn't live up to the high expectations.,這部新電影沒有達到高度的期望。
live with,承受、忍耐,We had to learn to live with the noise from the nearby construction.,我們必須學會忍受/接受附近施工的噪音。
long before,很久以前,The artist had been making rock and roll music long before it became mainstream.,這位歌手在搖滾樂成為主流之前就已經創作搖滾樂很久了。
look after,照顧,My neighbor agreed to look after my cat while I'm away.,我的鄰居答應在我離開時照顧我的貓。
look after sb,照顧某人,She looks after her younger brother every day after school.,她每天放學後都照顧她的弟弟。
look back on,回顧；回想,She likes to look back on her childhood memories.,她喜歡回顧童年的記憶。
look down on,瞧不起；輕視,It's not right to look down on people from different backgrounds.,瞧不起不同背景的人是不對的。
look down upon,輕視;小看,We tend to subconsciously look down upon people who make less money than us.,我們傾向於下意識地看輕收入比我們低的人。
look for,尋找,She is currently looking for a new apartment near the city center.,她目前正在尋找市中心附近的新公寓。
look forward to V+ing,期待做某事,I am looking forward to meeting you next week.,我期待下週見到你。
look forward to Ving,期待,I am looking forward to starting my new job next month.,我期待下個月開始我的新工作。
look into,調查,The committee will look into the causes of the recent system failure.,委員會將會調查最近系統故障的原因。
look out,小心；注意,Look out for cars when you cross the street.,過馬路時要注意車輛。
look over,檢查,Can you quickly look over my presentation slides for any errors?,你能快速查看/檢查我的簡報投影片有沒有錯誤嗎？
look up,查詢,"If you don't know the meaning of the word, you should look it up in the dictionary.",如果你不知道這個詞的意思，你應該在字典裡查閱它。
look up to,尊敬,Young athletes often look up to their heroes for inspiration.,年輕的運動員經常敬仰他們的偶像以獲得啟發。
lose ground,落後、失去地位,Our competitor began to lose ground in the market after the launch failed.,我們的競爭對手在發布失敗後開始在市場上失勢/喪失優勢。
lose sb's mind,發瘋，精神失常,She lost her mind when she heard the news.,當她聽到這個消息時，她失去了理智。
low on,缺乏,"We're low on milk, so I need to go to the grocery store.",我們的牛奶不足了，所以我需要去雜貨店。
make a point of Ving,特意做...,He makes a point of saying thank you to everyone who helps him.,他特別注意要向每個幫助他的人道謝。
make believe,假裝,He put on a cloak and made believe that he was a superhero.,他披上斗篷，假裝自己是超級英雄。
make do,湊合著用,I have to make do with boxes before I buy a new desk.,在我買新書桌前，我只能先拿紙箱湊合著用
make for,走向；促成,Let's make for the nearest exit.,我們走向最近的出口吧。
make out,辨認出；理解,I can't make out what he's saying.,我聽不懂他在說什麼。
make up,編造；化妝；彌補,She made up a story to explain her absence.,她編了一個故事來解釋她的缺席。
make up for,彌補、補償,He worked extra hours to make up for the time he missed.,他加班工作以彌補他錯過的時間。
make use of,利用,We should make use of the available resources.,我們應該利用現有的資源。
make way for,讓路；為⋯騰出空間,They demolished the old building to make way for a new park.,他們拆除了舊建築，以為新公園讓路。
mark down,降價,The store will mark down the winter coats by 50% next week.,商店將於下週將冬裝大衣降價百分之五十。
meet with,遇到；會見,The proposal met with strong opposition.,這項提議遭到了強烈反對。
mess up,搞砸,I'm afraid I messed up the order and sent the wrong items.,恐怕我搞砸了訂單，寄送了錯誤的物品。
mess with,招惹,You shouldn't mess with the settings on the company computer.,你不應該亂動公司電腦上的設定。
mix up,混合,Have you mixed up the eggs and the sugar yet?,你把雞蛋和糖混合了嗎？
more of,更大程度上的;更多的,She is more of an introvert than an extrovert.,她更像是一個內向的人，而不是一個外向的人。
more than,超過;比…更多,John loves his car more than anything else.,John愛他的汽車勝過任何事物。
narrow A down to B,把A縮減成B,We need to narrow the list of candidates down to three finalists.,我們需要將候選人名單縮小到三名決賽入圍者。
no big deal,沒什麼大不了的,Don't worry about spilling the water; it's no big deal.,別擔心潑到水，沒什麼大不了的。
no wonder,難怪、怪不得,No wonder he's tired; he's been working for 12 hours straight.,難怪他會累，他已經連續工作了12小時。
not for the world,無論如何都不,I wouldn't trade my family for anything not for the world.,我絕不會為了任何事物而交換我的家人。
not to mention,更不用說,"The hotel was cheap and comfortable, not to mention it had free breakfast.",這家飯店便宜又舒適，更不用說它還有免費早餐。
nothing but,只是;只有,They did nothing but argue for two weeks. That's why they couldn't get anything done.,他們什麼都沒做，只是爭吵了兩週。 這就是為什麼他們無法完成任何事情。
object to Ving,反對,I object to making such a major decision without consulting the team.,我反對在沒有諮詢團隊的情況下做出如此重大的決定。
oblige sb. to V,強迫...做...,The contract obliged the company to pay the fine.,這份合約要求該公司支付罰款。
obsess about,對...念念不忘,He tends to obsess about minor details in his work.,他傾向於過分關心/痴迷於工作中的小細節。
of late,最近,"Of late, he has been very quiet and seems worried.",最近，他一直很安靜，看起來很擔心。
off the top of one’s head,不假思索地,I can't remember the exact number off the top of my head.,我不假思索地記不起確切的數字。
on a walk-in basis,不用事先預約,The clinic accepts patients on a walk-in basis every morning.,診所每天早上都接受無需預約的病人。
on behalf of,代表,I am speaking on behalf of the entire team.,我是代表整個團隊發言。
on behalf of sb,作為某人的代表(=on sb's behalf),"On behalf of the entire team, I would like to thank you.",我代表整個團隊，感謝您。
on duty,值班,I can't talk right now; I am on duty until 5 PM.,我現在不能說話，我要值班到下午五點。
on occasion,偶爾,She enjoys a glass of wine on occasion but rarely drinks.,她偶爾會喝一杯葡萄酒，但很少喝酒。
on the contrary,反之,Alice loves the movie “Peninsula”. On the contrary I think it is terrible.,Alice喜歡《屍速列車:感染半島》。 相反地，我認為那部電影很糟糕。
on the spot,當場、立刻,The manager made a decision on the spot without consulting anyone.,經理當場做出了決定，沒有諮詢任何人。
once in a while,偶爾,"We go out for dinner once in a while, but usually we eat at home.",我們偶爾/很少出去吃飯，但通常在家裡吃。
one’s hands are tied,無法幫忙、受到限制,"I'd love to approve your request, but my hands are tied by the budget rules.",我很想批准你的請求，但我無能為力/愛莫能助，受到預算規則的限制。
other than,而不…,The round windows were designed for reasons other than aesthetics.,圓形窗戶的設計並非出於美觀考慮。
ought to,應該，應當,You ought to apologize for your mistake.,你應該為你的錯誤道歉。
out of,在…之外,He threw a party when his parents were out of town.,他趁父母出遠門時開了一個派對。
out of order,故障,The vending machine is out of order and won't accept any coins.,這台自動販賣機故障了，不接受任何硬幣。
out of order,故障,The printer is out of order and needs to be repaired.,印表機故障了，需要修理。
out of the question,不可能的,"Lending him money is out of the question, considering his debt.",考慮到他的債務，借錢給他是不可能的。
owing to,因為;由於,Owing to his health problems John quit his job last month.,由於健康問題，John上個月辭職了。
pack away,收拾、保存,We need to pack away the holiday decorations until next year.,我們需要收起節日裝飾品，直到明年。
pass away,去世,Her grandmother passed away last night.,她的祖母昨晚去世了。
pass by,經過,I pass by that building every day.,我每天經過那棟建築。
pass on,傳達,Please pass on this message to the rest of the team.,請將這個訊息傳達給團隊的其他成員。
pass out,昏倒；分發,He passed out from the heat.,他因高溫昏倒了。
pass up,放棄,You shouldn't pass up this opportunity to work abroad.,你不應該錯過這個到國外工作的機會。
pay attention to,注意,Please pay attention to the instructions.,請注意說明。
perk up,打起精神,She immediately perked up when she heard the good news.,她一聽到好消息，立刻就振作起來/精神起來了。
pick on,欺負；挑選,Stop picking on your little brother.,別再欺負你弟弟了。
pick out,選擇,She asked me to pick out a birthday gift for her sister.,她要我挑選一個生日禮物給她妹妹。
pick up,撿起；接人,Can you pick me up at the airport?,你能到機場接我嗎？
pick up sth,注意、察覺到某事,She picked up some flowers on her way home.,她在回家的路上撿了一些花。
pile up,堆積、累積,The emails quickly began to pile up while I was on vacation.,我度假期間，電子郵件很快就開始堆積起來。
point out,指出,She pointed out the mistake in my report.,她指出了我報告中的錯誤。
pour in,大量湧入,Donations began to pour in after the disaster.,災難發生後，捐款開始湧入。
prohibit from,禁止,The rules prohibit employees from using social media during work hours.,規定禁止員工在工作時間使用社群媒體。
prone to,易於...,The car is prone to overheating on long trips.,這輛車在長途旅行中容易過熱。
pull into,停車,The train began to pull into the station platform.,火車開始駛入車站月台。
pull out,拔出、停車,The investor decided to pull out of the deal at the last minute.,投資者決定在最後一刻退出這筆交易。
put about,散播,Someone is putting about rumors that the company is closing.,有人正在散佈公司即將關閉的謠言。
put aside,撇開；儲存,Let's put aside our differences and work together.,讓我們撇開分歧一起工作。
put away,拋棄、歸位,Please put away your toys before bedtime.,請在睡前收好你的玩具。
put away,收拾;放好,Please put away your toys after you finish playing.,玩完後請收拾好你的玩具。
put back,放回；推遲,Put the book back on the shelf.,把書放回書架上。
put down,批評,It's important never to put down a child's effort.,永遠不要貶低/批評孩子的努力，這一點很重要。
put effort,付出努力,You need to put more effort into your studies.,你需要在你的學業上付出更多努力。
put forth,提出、發表,She put forth a proposal for a new marketing campaign.,她提出了一個新的行銷活動提案。
put foward sth,提出某事，提議某事；將某事提前,She put forward a new proposal at the meeting.,她在會議上提出了一個新方案。
put in service,啟用服務;投入使用,The warranty starts when the car is put in service.,保固期從汽車投入使用起開始。
put into effect,實施,The new safety measures will be put into effect immediately.,新的安全措施將被立即實施/生效。
put off,延期,The meeting has been put off until next week.,會議已被推遲到下週。
put on,穿上；增加,She put on her coat before going out.,她出門前穿上了外套。
put on hold,暫停、保留,We have decided to put the expansion plans on hold until the economy improves.,我們決定暫停擴張計畫，直到經濟好轉。
put out,撲滅、外包,The firemen managed to put out the blaze after two hours.,消防員在兩個小時後成功地撲滅了大火。
put out sth,發行，出版；熄滅，撲滅,Please put out the candles before you leave.,請在離開前熄滅蠟燭。
put sb/sth to shame,使...相形見絀,His performance put everyone else to shame.,他的表現讓其他人相形見絀。
put sth behind sb,將某事拋諸某人腦後,You need to put the past behind you and move on.,你需要把過去放在身後，繼續前行。
put through,接通電話；使⋯經歷,Can you put me through to the manager?,你能幫我接通經理的電話嗎？
put together,製作、編寫,We quickly put together a brief report for the emergency meeting.,我們為緊急會議快速整理/組合了一份簡短的報告。
put up,展示、提出,They decided to put up a notice asking for volunteers.,他們決定張貼一個通知來招募志願者。
put up with,忍受,I can no longer put up with the noise from my upstairs neighbor.,我再也無法忍受樓上鄰居的噪音了。
quite a few,相當多,Quite a few people showed up for the event.,很多人來參加這個活動。
quote from,引用,He chose to quote from Martin Luther King Jr.'s famous speech.,他選擇引用馬丁·路德·金恩二世著名演講的內容。
reach a consensus,達成共識,"After a long discussion, the team finally reached a consensus.",經過長時間的討論，團隊最終達成共識。
reason with,與…講道理,It's impossible to reason with him when he's angry.,當他生氣時，很難與他講理。
rebel against,反抗,The younger generation tends to rebel against outdated traditions.,年輕一代傾向於反抗過時的傳統。
refer to,談到,"When citing, please refer to the page numbers in the bibliography.",引用時，請參考書目中的頁碼。
reflect on,思考,Take a moment to reflect on your accomplishments this year.,花點時間反思你今年的成就。
refrain from,克制,Please refrain from talking during the performance.,請避免/忍住在表演期間交談。
regard as,將…視為,She is regarded as a leader in her field.,她被視為她領域中的領導者。
regardless of,不論、不顧,We will proceed with the plan regardless of the cost.,不顧成本，我們將繼續執行該計劃。
related to,與 … 相關,Most of the popular posts are related to study methods.,大多數熱門貼文與學習方法有關。
rely on,依靠,You can always rely on him to be honest and reliable.,你永遠可以信賴他誠實可靠。
remove from,把…免職,The director decided to remove the controversial scene from the final cut.,導演決定從最終剪輯中移除那個有爭議的場景。
result from,由⋯引起,His success resulted from hard work.,他的成功來自於努力工作。
result in,造成;導致,The dispute between the two countries resulted in war.,兩國之間的爭端導致了戰爭。
ride out sth,安然渡過某事,We need to ride out the storm.,我們需要挺過這場風暴。
ring up,結帳,The cashier will ring up your purchases at the register.,收銀員將在收銀機上記錄/結算您的購買物品。
run a risk (of doing sth),冒(某事的)風險，有(某事的)危險,"If you drive that fast, you run a risk of getting a ticket.",如果你開這麼快，你有可能會被開罰單。
run across,偶然遇到,I ran across an old friend at the mall.,我在商場偶然遇到一個老朋友。
run after,追逐,The dog ran after the ball.,狗追逐著球。
run away,逃跑；離家出走,The teenager ran away from home.,這名少年離家出走了。
run for,競選,She decided to run for mayor in the upcoming election.,她決定競選即將到來的市長選舉。
run into,偶然遇見,I ran into my former boss at the supermarket this morning.,我今天早上在超市偶然遇到了我的前老闆。
run long,長期,The meeting is likely to run long if we don't stick to the agenda.,如果我們不遵循議程，會議很可能會延長。
run out,用盡,We need to buy more sugar because we have run out.,我們需要多買些糖，因為我們用完了。
run out,用完;耗盡,We ran out of milk so we need to buy some more.,我們用完了牛奶，所以我們需要再買一些。
run out of,用完；耗盡,We've run out of milk.,我們的牛奶用完了。
run over,輾過；溢出,She was run over by a car.,她被車輾過。
run through,迅速瀏覽；貫穿,Let's run through the plan one more time.,讓我們再迅速瀏覽一遍計劃。
run up,積欠；迅速增加,He ran up a huge bill at the hotel.,他在酒店積欠了一大筆賬單。
runner-up,亞軍,"He finished the race as the runner-up, just behind the winner.",他以亞軍的身份完成了比賽，僅次於冠軍。
say the word,命令、要求,"I can pick you up anytime, just say the word.",我隨時可以去接你，你只要說一聲/開口就行。
see for oneself,親自看看,You need to see it for yourself to believe it.,你需要親自去看才能相信。
see off,送行,We went to the airport to see him off.,我們去了機場為他送行。
see through,看穿；識破,I can see through his lies.,我能識破他的謊言。
segregate A from B,把A從B隔離,Please segregate the recyclable materials from the regular trash.,請將可回收材料與一般垃圾分開。
send out sth,發出(熱、信號等),The company sent out invitations to the event.,公司發出了活動邀請函。
sentence to,宣判,The judge sentenced the defendant to two years in prison.,法官判處被告兩年徒刑。
serves as,擔任,This old lighthouse now serves as a museum.,這座舊燈塔現在充當一座博物館。
set about,出發 開始,We need to set about planning the next phase of the project immediately.,我們需要立即著手規劃項目的下一階段。
set aside,空出,We should set aside some money for unexpected expenses.,我們應該撥出/留出一些錢應對意外開支。
set back,推遲；使倒退,The project was set back due to bad weather.,項目因為天氣不好而推遲了。
set down,寫下；放下,Please set down your thoughts on paper.,請把你的想法寫在紙上。
set forth,啟程、說明,The company's mission is set forth in the annual report.,公司的使命在年度報告中闡述/提出。
set in,入侵,We moved indoors once the cold weather set in.,天氣開始變冷後，我們就搬到室內了。
set off,動身啟程；觸發；啟動；引發；襯托,They set off on their journey early in the morning.,他們一大早就出發了。
set out,出發 開始,They set out on a challenging journey across the desert.,他們出發進行了一場穿越沙漠的艱難旅程。
set up,建立；設置,They set up a new company.,他們成立了一家新公司。
settle down,安頓；定居,They decided to settle down in the countryside.,他們決定在鄉下安頓下來。
settle on,決定,"After looking at many options, they finally settled on the blue sofa.",在看了很多選擇後，他們最終選定了藍色沙發。
she light on,闡明；揭示,The report sheds light on the company's financial status.,這份報告揭示了公司的財務狀況。
shoot out,射出;噴出,A frog can shoot out its tongue capture an insect and pull it back into its mouth.,青蛙可以伸出舌頭，捕獲昆蟲，然後將其拉回到嘴裡。
show off,炫耀,He likes to show off his new car.,他喜歡炫耀他的新車。
show up,出現;露面,The teacher was surprised when Tim showed up on time for the first time.,當Tim第一次準時出現時，老師感到驚訝。
shut down,關閉；停工,The factory was shut down due to safety concerns.,工廠因安全問題被關閉了。
shut off,關掉；隔絕,Please shut off the lights when you leave.,離開時請關燈。
sit back,悠閒地坐著；袖手旁觀,"Don't just sit back and watch, help us!",不要袖手旁觀，來幫幫我們！
sit down,坐下,Please sit down and make yourself comfortable.,請坐下，隨便點。
slip one’s mind,忘記,"I meant to call you, but it completely slipped my mind.",我本來打算打電話給你，但我完全忘記了。
so far,到目前為止,"So far, we have received fifty applications for the position.",到目前為止，我們已經收到了五十份職位申請。
soak up,吸收,Tourists love to soak up the sun on the beach during summer.,遊客喜歡在夏天去海灘享受陽光。
sort out,整理,We need to sort out the files and organize them alphabetically.,我們需要整理這些文件，並按字母順序排列。
speak up,大聲說；表達意見,You need to speak up during the meeting.,你需要在會議中大聲說出來。
speed up sth,"促進某事的發生,使某事物加速",We need to speed up production to meet the deadline.,我們需要加快生產以趕上最後期限。
spell out,詳細說明；拼出,Can you spell out your requirements?,你能詳細說明你的要求嗎？
stand by,支持；袖手旁觀,She promised to stand by him no matter what.,她承諾無論如何都會支持他。
stand for,代表,"The letters ""WHO"" stand for World Health Organization.",「WHO」這些字母代表世界衛生組織。
stand out,醒目,Her bright red dress made her stand out in the crowd.,她那件鮮紅的裙子使她在人群中很突出。
stand over,監督,The teacher had to stand over the student to ensure he finished his work.,老師不得不在一旁監督學生，以確保他完成作業。
stand up,站起來；起立,Please stand up when the teacher enters the room.,老師進房間時請站起來。
stand up for,維護 支持,She stood up for her friend in the argument.,她在爭論中為她的朋友挺身而出。
stare at,注視,It's rude to stare at people in public.,在公共場合凝視別人是很不禮貌的。
start off,開始；出發,Let's start off with a quick introduction.,讓我們先做一個簡短的介紹。
start over,重新開始,"I made a mistake, so I had to start over.",我犯了一個錯誤，所以我必須重新開始。
state-of-the-art,高級的、先進的,The laboratory is equipped with state-of-the-art analytical instruments.,該實驗室配備了最先進的分析儀器。
stay out,在外逗留，不回家,Stay out of trouble while I'm gone.,當我不在時，別惹麻煩。
stay up,熬夜,My kids are not allowed to stay up past ten on school nights.,我的孩子在上學日不允許熬夜超過十點。
stem from,源於,A lot of relationship issues stem from financial problems.,許多人際關係問題源於財務問題。
step down,辭職,The CEO decided to step down after ten years at the company.,執行長決定在公司任職十年後辭職。
step in,介入,The government had to step in to stabilize the failing bank.,政府不得不介入來穩定這家瀕臨倒閉的銀行。
step up sth,使某事加速，使某物增加,We need to step up our efforts to solve this problem.,我們需要加強努力來解決這個問題。
stick around,逗留,Do you want to stick around for a while and watch the fireworks?,你想待一會兒看看煙火嗎？
stick to,堅持；遵守,Let's stick to the original plan.,讓我們堅持原計劃。
stick with,保持,"It's important to stick with your goals, even when it gets tough.",堅持你的目標是很重要的，即使情況變得艱難。
stop by,順道拜訪 ,Let's stop by the bakery on our way home.,我們在回家路上順道去麵包店吧。
strike a deal with,與…達成協,The two parties managed to strike a deal with each other after weeks of negotiation.,經過數週的談判，雙方設法達成協議。
struck someone,令某人印象深刻,The painting immediately struck me as incredibly beautiful.,這幅畫立刻讓我感覺美得不可思議。
substitute for,用…代表,"Since the coffee machine is broken, we had to substitute instant coffee for it.",由於咖啡機壞了，我們不得不用即溶咖啡來代替它。
succeed in,成功,"If you work hard, you will succeed in achieving your dreams.",如果你努力工作，你將會成功地實現你的夢想。
succeed to,繼承,Prince William is next in line to succeed to the throne.,威廉王子是下一個繼承王位的人。
succumb to,屈服於…,He finally succumbed to the temptation of eating chocolate.,他最終屈服於吃巧克力的誘惑。
such as,如;例如,The money is used to buy basic foods such as flour rice and pasta.,這筆錢用於購買基本食品，例如麵粉，米和麵食。
sum up,總結；概括,He summed up the meeting in a few sentences.,他用幾句話總結了會議。
switch off,關掉；切斷,Don't forget to switch off the lights before you leave.,離開前別忘了關燈。
take advantage of,利用、佔…便宜,You should take advantage of the gym membership while it's cheap.,你應該利用健身房會員資格，趁它還便宜的時候。
take after,與…相似,She takes after her mother; they both have red hair.,她長得像/像她的母親；她們都有紅髮。
take apart,拆開、仔細檢查,The mechanic had to take apart the engine to find the problem.,機械師不得不拆開引擎來尋找問題。
take away,拿走；帶走,The waiter took away our plates.,服務生把我們的盤子拿走了。
take back,收回；取回,I take back what I said about her. She is very nice.,我收回對她的話。她很不錯。
take care of,照顧,She stayed home to take care of her sick mother.,她留在家裡照顧生病的母親。
take charge of,負責,The new supervisor will take charge of the entire department.,新主管將負責整個部門。
take down,記下；取下,Can you take down this information?,你能記下這些信息嗎？
take in,吸收；理解,It was a lot of information to take in at once.,一下子吸收這麼多信息很難。
take initiative,帶頭發起,He decided to take the initiative and start organizing the event.,他決定採取主動，開始組織這項活動。
take into account,考慮到…,"When budgeting, we must take into account all potential hidden costs.",在編列預算時，我們必須考慮到所有潛在的隱藏成本。
take note of,注意,Please take note of the changes in the meeting schedule.,請留意會議時間表的變動。
take off,起飛  ,The plane is scheduled to take off at 8:00 AM.,飛機預定在早上八點起飛。
take on,承擔、接受,She is hesitant to take on any more responsibilities right now.,她現在不願再承擔更多的責任。
take one’s chances,碰運氣,"The weather looks bad, but we decided to take our chances and go hiking anyway.",天氣看起來很糟，但我們決定冒險去徒步旅行。
take one’s time,慢慢來,Don't rush; please take your time answering the questions.,別著急；請慢慢來回答問題。
take one’s word,相信某人的話,"I trust him completely, so I'll take his word for it.",我完全信任他，所以我會相信他的話。
take out,取出；帶⋯出去,She took out a loan to pay for her car.,她貸款買了車。
take over,接管,The new CEO will take over the company next month.,新任執行長將於下個月接管公司。
take part in,參加,She took part in the competition and won first prize.,她參加了比賽並贏得了第一名。
take place,舉行,The annual conference will take place in London this year.,年度會議今年將在倫敦舉行。
take steps,採取措施,We need to take steps to prevent this mistake from happening again.,我們需要採取措施來防止這個錯誤再次發生。
take sth back,收回(不該說的話),I need to take the shirt back to the store.,我需要把襯衫退回商店。
take sth for granted,視某事為理所當然,Don't take your health for granted.,不要把你的健康視為理所當然。
take up,佔用,He decided to take up painting as a new hobby.,他決定開始學習繪畫作為一項新的嗜好。
talk over,討論,Let's talk over the details of the project.,讓我們討論一下項目的細節。
talk to,與⋯交談,She talked to her friend about the problem.,她與朋友談論了這個問題。
talk with,與⋯交談,He talked with his manager about a raise.,他與經理談論了加薪的事。
tear apart,撕裂,The scandal threatened to tear apart the entire political party.,這場醜聞威脅要分裂整個政黨。
tear away,撕裂,It was hard to tear the children away from the toys.,很難將孩子們拉開玩具。
tear down,拆掉,They plan to tear down the old shopping mall and build a park.,他們計劃拆除舊商場並建造一座公園。
tear off,撕掉；迅速脫掉,He tore off the wrapping paper excitedly.,他興奮地撕掉了包裝紙。
tear up,撕毀；流淚,She tore up the contract in anger.,她氣憤地撕毀了合同。
tell off,斥責,The teacher told off the students for being late.,老師斥責了遲到的學生。
tell sb off (for doing sth),(因某事)訓斥某人，斥責某人,His teacher told him off for being late.,他的老師因為他遲到而訓斥他。
the upper hand,優勢,She has the upper hand in the negotiations.,她在談判中佔上風。
think over,仔細考慮,I'll think over your proposal and get back to you.,我會仔細考慮你的提議，然後答覆你。
think through,徹底考慮,We need to think through this plan before we proceed.,在進行之前，我們需要徹底考慮這個計劃。
think up,想出,Can you think up a solution to this problem?,你能想出一個解決這個問題的辦法嗎？
throw away,丟棄,Don't throw away those papers; they are important.,不要丟掉那些文件；它們很重要。
throw one’s effort into,為…盡力,She decided to throw all her effort into studying for the final exam.,她決定投入所有精力準備期末考試。
throw out,丟掉,I need to throw out these old newspapers I've collected.,我需要扔掉這些我收集的舊報紙。
throw up,嘔吐；匆匆建造,He felt sick and had to throw up.,他感到不舒服，不得不嘔吐。
tidy up,整理,Please tidy up your room before your guests arrive.,請在客人來之前整理你的房間。
tie up,綁；忙於,She tied up the package with string.,她用繩子把包裹綁起來。
to put in service,啟用,The new equipment will be put in service next month.,新設備將於下個月投入使用。
to serve as,當；作為,He will serve as the company's new CEO.,他將擔任公司的新CEO。
to sum up,總而言之,"To sum up, we had a very productive meeting.",總結一下，我們進行了一次非常有成效的會議。
to the extent of,到了…的程度,Bill loves Ann to the extent of being willing to die for her.,Bill愛Ann，甚至到了願意為她而死的程度。
tons of,很多的,We have tons of work to do before the end of the week.,我們在本週末前有大量/很多工作要做。
top-of-the-line,高級的、先進的,We only sell top-of-the-line computers with the best features.,我們只銷售功能最好的頂級電腦。
toss-up,勝負各半,It's a toss-up between the two candidates; they both seem equally qualified.,兩位候選人難分伯仲/勢均力敵，他們看起來都同樣合格。
touch down,著陸,We watched as the aircraft touched down smoothly on the runway.,我們看著飛機平穩地降落在跑道上。
try on,試穿,She tried on several dresses before deciding on one.,她試穿了好幾件裙子，最後決定了一件。
try out,試用、試驗,She decided to try out for the school basketball team.,她決定參加學校籃球隊的選拔。
turn around,轉身；好轉,He turned around when he heard his name.,聽到名字時，他轉過身來。
turn away,驅逐、解僱,"The restaurant was full, so they had to turn away several customers.",餐廳客滿了，所以他們不得不拒絕了幾位顧客。
turn down,拒絕,He had to turn down the job offer because the pay was too low.,他不得不拒絕這份工作邀請，因為薪水太低了。
turn in,遞交、調整（收音機）,Remember to turn in your assignments before the deadline.,記得在截止日期前繳交你的作業。
turn into,變成,The caterpillar turned into a butterfly.,毛毛蟲變成了蝴蝶。
turn off,關掉,Please turn off the lights when you leave.,離開時請關燈。
turn on,出現,Please turn on the lights; it's getting dark in here.,請打開燈；這裡面開始變暗了。
turn out,生產、結果是…,The party turned out to be a huge success.,派對結果非常成功。
turn out to be,結果是 / 竟然是......,The news turned out to be true.,這則新聞原來是真的。
turn to,尋求協助,"When facing problems, I always turn to my parents for advice.",當面臨問題時，我總是求助於我的父母尋求建議。
turn up,出現,Don’t worry about the exam. Just turn up on time and do your best.,不用擔心考試。 只要準時出現，盡你所能就好。
up and down,起伏的,I walked up and down the aisle looking for the right product.,我在走道上來回地走動，尋找合適的產品。
up in the air,不確定的,The final location of the wedding is still up in the air.,婚禮的最終地點仍然懸而未決/未確定。
up-and-coming,有前途的、引人注目的,She is an up-and-coming artist with a lot of potential.,她是一位極具潛力的嶄露頭角的藝術家。
up-and-running,運作中的,The new server should be up and running by tomorrow morning.,新伺服器應該會在明天早上啟動並運行。
use up,用完；耗盡,We have used up all the milk.,我們把牛奶用完了。
vary with,隨…變化,"Average income varies with age, occupation, and industry.",平均收入因年齡、職業和產業別而有所不同。
vulnerable to,容易遭受…,Elderly people are particularly vulnerable to the flu virus.,老年人特別容易受到流感病毒的侵害。
wake up,醒來；喚醒,I wake up at 6 AM every day.,我每天早上6點醒來。
ward off sth,防止(疾病、危險等),Garlic is believed to ward off vampires.,大蒜被認為可以避開吸血鬼。
wash up,洗碗；洗手,Please wash up before dinner.,晚飯前請洗手。
watch out,注意；小心,Watch out for the slippery floor.,注意地板很滑。
watch over,保護;照顧,Sandy’s father is home during the day so he can watch over the kids for her.,Sandy的父親白天在家，所以他可以幫她照顧孩子。
wave down,招手停車,We had to wave down a taxi since we couldn't find a bus stop.,因為找不到公車站，我們不得不招手叫停一輛計程車。
wear out,磨耗、磨損,Running shoes tend to wear out very quickly if you use them every day.,如果你每天使用跑鞋，它們往往會很快磨損。
what's more,再者；而且,"The job is well-paid. What's more, it is close to my home.",這份工作薪水很好。而且，它離我家很近。
when it comes to,說到…,"When it comes to cooking, he is definitely the expert.",說到烹飪，他絕對是專家。
wind up Ving,以...作結，落得...,"If you keep lying, you will wind up losing all your friends.",如果你繼續說謊，你最終會失去所有朋友。
wire money to,匯款到…,I need to wire money to my sister who is studying abroad.,我需要匯款給在國外讀書的妹妹。
with a view to,目的是;為了,He studied English hard with a view to mastering it quickly.,他努力學習是為了快速掌握英語。
with an eye to (doing) sth,試圖...，目的在於...,He saved money with an eye to buying a house.,他存錢是為了將來買房。
with respect to,關於,It's going to raise problems with respect to water pollution.,這將引起有關水污染的問題。
within reach,觸手可及的,"Always keep dangerous chemicals within reach of children. (Note: Should be ""out of reach"")",務必將危險化學品放在兒童夠得著的範圍內。
without further ado,話不多說,"And now, without further ado, here is our guest speaker.",那麼，事不宜遲，有請我們的演講嘉賓。
work around,避開…來做,We'll have to work around the strict budget to finish the project.,我們必須繞過/克服嚴格的預算來完成這個專案。
work on,致力於；從事,She is working on a new project.,她正在從事一個新項目。
work out,鍛煉；解決,I work out at the gym every morning.,我每天早上在健身房鍛煉。
work sb's fingers to the bone,長期地拚命工作,He worked his fingers to the bone to provide for his family.,他拼命工作以養家。
work sb's tail off,拚命工作,She worked her tail off to meet the deadline.,她拼命工作以趕上最後期限。
work through,克服；解決,We need to work through this problem together.,我們需要一起解決這個問題。
wrap up,完成、收尾,Let's try to wrap up the meeting in the next ten minutes.,讓我們試著在接下來的十分鐘內結束會議。
write down,寫下,Please write down your name and address.,請寫下你的名字和地址。
write up,詳細寫出,He wrote up the report after the meeting.,他在會後寫了報告。
yield to,屈服；讓步,She refused to yield to pressure.,她拒絕屈服於壓力。
zero in on,瞄準；集中於,They quickly zeroed in on the problem.,他們很快集中解決了這個問題。
